listing_id,date,available,price,adjusted_price,minimum_nights,maximum_nights,log_price,year,month,day,dayofweek,is_weekend,quarter,is_holiday,days_since_start,mean_airbnb_price,last_year_price,neighbourhood
34538599,2021-04-14,f,36.0,$36.00,28.0,1125.0,3.610917912644224,2021,4,14,2,0,2,False,1,36.33972602739726,36.33972602739726,Horcajo
34538599,2021-04-15,f,36.0,$36.00,28.0,1125.0,3.610917912644224,2021,4,15,3,0,2,False,2,36.33972602739726,36.33972602739726,Horcajo
34538599,2021-04-16,f,36.0,$36.00,28.0,1125.0,3.610917912644224,2021,4,16,4,0,2,False,3,36.33972602739726,36.33972602739726,Horcajo
34538599,2021-04-17,f,36.0,$36.00,28.0,1125.0,3.610917912644224,2021,4,17,5,1,2,False,4,36.33972602739726,36.33972602739726,Horcajo
34538599,2021-04-18,f,36.0,$36.00,28.0,1125.0,3.610917912644224,2021,4,18,6,1,2,False,5,36.33972602739726,36.33972602739726,Horcajo
34538599,2021-04-19,f,36.0,$36.00,28.0,1125.0,3.610917912644224,2021,4,19,0,0,2,False,6,36.33972602739726,36.33972602739726,Horcajo
34538599,2021-04-20,f,36.0,$36.00,28.0,1125.0,3.610917912644224,2021,4,20,1,0,2,False,7,36.33972602739726,36.33972602739726,Horcajo
34538599,2021-04-21,f,36.0,$36.00,28.0,1125.0,3.610917912644224,2021,4,21,2,0,2,False,8,36.33972602739726,36.33972602739726,Horcajo
34538599,2021-04-22,f,36.0,$36.00,28.0,1125.0,3.610917912644224,2021,4,22,3,0,2,False,9,36.33972602739726,36.33972602739726,Horcajo
34538599,2021-04-23,f,36.0,$36.00,28.0,1125.0,3.610917912644224,2021,4,23,4,0,2,False,10,36.33972602739726,36.33972602739726,Horcajo
34538599,2021-04-24,f,36.0,$36.00,28.0,1125.0,3.610917912644224,2021,4,24,5,1,2,False,11,36.33972602739726,36.33972602739726,Horcajo
34538599,2021-04-25,f,36.0,$36.00,28.0,1125.0,3.610917912644224,2021,4,25,6,1,2,False,12,36.33972602739726,36.33972602739726,Horcajo
34538599,2021-04-26,f,36.0,$36.00,28.0,1125.0,3.610917912644224,2021,4,26,0,0,2,False,13,36.33972602739726,36.33972602739726,Horcajo
34538599,2021-04-27,f,36.0,$36.00,28.0,1125.0,3.610917912644224,2021,4,27,1,0,2,False,14,36.33972602739726,36.33972602739726,Horcajo
34538599,2021-04-28,f,36.0,$36.00,28.0,1125.0,3.610917912644224,2021,4,28,2,0,2,False,15,36.33972602739726,36.33972602739726,Horcajo
34538599,2021-04-29,f,36.0,$36.00,28.0,1125.0,3.610917912644224,2021,4,29,3,0,2,False,16,36.33972602739726,36.33972602739726,Horcajo
34538599,2021-04-30,f,36.0,$36.00,28.0,1125.0,3.610917912644224,2021,4,30,4,0,2,False,17,36.33972602739726,36.33972602739726,Horcajo
34538599,2021-05-01,f,36.0,$36.00,28.0,1125.0,3.610917912644224,2021,5,1,5,1,2,False,18,36.33972602739726,36.33972602739726,Horcajo
34538599,2021-05-02,f,36.0,$36.00,28.0,1125.0,3.610917912644224,2021,5,2,6,1,2,False,19,36.33972602739726,36.33972602739726,Horcajo
34538599,2021-05-03,f,36.0,$36.00,28.0,1125.0,3.610917912644224,2021,5,3,0,0,2,False,20,36.33972602739726,36.33972602739726,Horcajo
34538599,2021-05-04,f,36.0,$36.00,28.0,1125.0,3.610917912644224,2021,5,4,1,0,2,False,21,36.33972602739726,36.33972602739726,Horcajo
34538599,2021-05-05,f,36.0,$36.00,28.0,1125.0,3.610917912644224,2021,5,5,2,0,2,False,22,36.33972602739726,36.33972602739726,Horcajo
34538599,2021-05-06,f,36.0,$36.00,28.0,1125.0,3.610917912644224,2021,5,6,3,0,2,False,23,36.33972602739726,36.33972602739726,Horcajo
34538599,2021-05-07,f,36.0,$36.00,28.0,1125.0,3.610917912644224,2021,5,7,4,0,2,False,24,36.33972602739726,36.33972602739726,Horcajo
34538599,2021-05-08,f,36.0,$36.00,28.0,1125.0,3.610917912644224,2021,5,8,5,1,2,False,25,36.33972602739726,36.33972602739726,Horcajo
34538599,2021-05-09,f,36.0,$36.00,28.0,1125.0,3.610917912644224,2021,5,9,6,1,2,False,26,36.33972602739726,36.33972602739726,Horcajo
34538599,2021-05-10,f,36.0,$36.00,28.0,1125.0,3.610917912644224,2021,5,10,0,0,2,False,27,36.33972602739726,36.33972602739726,Horcajo
34538599,2021-05-11,f,36.0,$36.00,28.0,1125.0,3.610917912644224,2021,5,11,1,0,2,False,28,36.33972602739726,36.33972602739726,Horcajo
34538599,2021-05-12,f,36.0,$36.00,28.0,1125.0,3.610917912644224,2021,5,12,2,0,2,False,29,36.33972602739726,36.33972602739726,Horcajo
34538599,2021-05-13,f,36.0,$36.00,28.0,1125.0,3.610917912644224,2021,5,13,3,0,2,False,30,36.33972602739726,36.33972602739726,Horcajo
34538599,2021-05-14,f,36.0,$36.00,28.0,1125.0,3.610917912644224,2021,5,14,4,0,2,False,31,36.33972602739726,36.33972602739726,Horcajo
34538599,2021-05-15,f,36.0,$36.00,28.0,1125.0,3.610917912644224,2021,5,15,5,1,2,False,32,36.33972602739726,36.33972602739726,Horcajo
34538599,2021-05-16,f,36.0,$36.00,28.0,1125.0,3.610917912644224,2021,5,16,6,1,2,False,33,36.33972602739726,36.33972602739726,Horcajo
34538599,2021-05-17,f,36.0,$36.00,28.0,1125.0,3.610917912644224,2021,5,17,0,0,2,False,34,36.33972602739726,36.33972602739726,Horcajo
34538599,2021-05-18,f,36.0,$36.00,28.0,1125.0,3.610917912644224,2021,5,18,1,0,2,False,35,36.33972602739726,36.33972602739726,Horcajo
34538599,2021-05-19,f,36.0,$36.00,28.0,1125.0,3.610917912644224,2021,5,19,2,0,2,False,36,36.33972602739726,36.33972602739726,Horcajo
34538599,2021-05-20,f,36.0,$36.00,28.0,1125.0,3.610917912644224,2021,5,20,3,0,2,False,37,36.33972602739726,36.33972602739726,Horcajo
34538599,2021-05-21,f,36.0,$36.00,28.0,1125.0,3.610917912644224,2021,5,21,4,0,2,False,38,36.33972602739726,36.33972602739726,Horcajo
34538599,2021-05-22,f,36.0,$36.00,28.0,1125.0,3.610917912644224,2021,5,22,5,1,2,False,39,36.33972602739726,36.33972602739726,Horcajo
34538599,2021-05-23,f,36.0,$36.00,28.0,1125.0,3.610917912644224,2021,5,23,6,1,2,False,40,36.33972602739726,36.33972602739726,Horcajo
34538599,2021-05-24,f,36.0,$36.00,28.0,1125.0,3.610917912644224,2021,5,24,0,0,2,False,41,36.33972602739726,36.33972602739726,Horcajo
34538599,2021-05-25,f,36.0,$36.00,28.0,1125.0,3.610917912644224,2021,5,25,1,0,2,False,42,36.33972602739726,36.33972602739726,Horcajo
34538599,2021-05-26,f,36.0,$36.00,28.0,1125.0,3.610917912644224,2021,5,26,2,0,2,False,43,36.33972602739726,36.33972602739726,Horcajo
34538599,2021-05-27,f,36.0,$36.00,28.0,1125.0,3.610917912644224,2021,5,27,3,0,2,False,44,36.33972602739726,36.33972602739726,Horcajo
34538599,2021-05-28,f,36.0,$36.00,28.0,1125.0,3.610917912644224,2021,5,28,4,0,2,False,45,36.33972602739726,36.33972602739726,Horcajo
34538599,2021-05-29,f,36.0,$36.00,28.0,1125.0,3.610917912644224,2021,5,29,5,1,2,False,46,36.33972602739726,36.33972602739726,Horcajo
34538599,2021-05-30,f,36.0,$36.00,28.0,1125.0,3.610917912644224,2021,5,30,6,1,2,False,47,36.33972602739726,36.33972602739726,Horcajo
34538599,2021-05-31,f,36.0,$36.00,28.0,1125.0,3.610917912644224,2021,5,31,0,0,2,False,48,36.33972602739726,36.33972602739726,Horcajo
34538599,2021-06-01,f,36.0,$36.00,28.0,1125.0,3.610917912644224,2021,6,1,1,0,2,False,49,36.33972602739726,36.33972602739726,Horcajo
34538599,2021-06-02,f,36.0,$36.00,28.0,1125.0,3.610917912644224,2021,6,2,2,0,2,False,50,36.33972602739726,36.33972602739726,Horcajo
34538599,2021-06-03,f,36.0,$36.00,28.0,1125.0,3.610917912644224,2021,6,3,3,0,2,False,51,36.33972602739726,36.33972602739726,Horcajo
34538599,2021-06-04,f,36.0,$36.00,28.0,1125.0,3.610917912644224,2021,6,4,4,0,2,False,52,36.33972602739726,36.33972602739726,Horcajo
34538599,2021-06-05,f,36.0,$36.00,28.0,1125.0,3.610917912644224,2021,6,5,5,1,2,False,53,36.33972602739726,36.33972602739726,Horcajo
34538599,2021-06-06,f,36.0,$36.00,28.0,1125.0,3.610917912644224,2021,6,6,6,1,2,False,54,36.33972602739726,36.33972602739726,Horcajo
34538599,2021-06-07,f,36.0,$36.00,28.0,1125.0,3.610917912644224,2021,6,7,0,0,2,False,55,36.33972602739726,36.33972602739726,Horcajo
34538599,2021-06-08,f,36.0,$36.00,28.0,1125.0,3.610917912644224,2021,6,8,1,0,2,False,56,36.33972602739726,36.33972602739726,Horcajo
34538599,2021-06-09,f,36.0,$36.00,28.0,1125.0,3.610917912644224,2021,6,9,2,0,2,False,57,36.33972602739726,36.33972602739726,Horcajo
34538599,2021-06-10,f,36.0,$36.00,28.0,1125.0,3.610917912644224,2021,6,10,3,0,2,False,58,36.33972602739726,36.33972602739726,Horcajo
34538599,2021-06-11,f,36.0,$36.00,28.0,1125.0,3.610917912644224,2021,6,11,4,0,2,False,59,36.33972602739726,36.33972602739726,Horcajo
34538599,2021-06-12,f,36.0,$36.00,28.0,1125.0,3.610917912644224,2021,6,12,5,1,2,False,60,36.33972602739726,36.33972602739726,Horcajo
34538599,2021-06-13,f,36.0,$36.00,28.0,1125.0,3.610917912644224,2021,6,13,6,1,2,False,61,36.33972602739726,36.33972602739726,Horcajo
34538599,2021-06-14,f,36.0,$36.00,28.0,1125.0,3.610917912644224,2021,6,14,0,0,2,False,62,36.33972602739726,36.33972602739726,Horcajo
34538599,2021-06-15,f,36.0,$36.00,28.0,1125.0,3.610917912644224,2021,6,15,1,0,2,False,63,36.33972602739726,36.33972602739726,Horcajo
34538599,2021-06-16,f,36.0,$36.00,28.0,1125.0,3.610917912644224,2021,6,16,2,0,2,False,64,36.33972602739726,36.33972602739726,Horcajo
34538599,2021-06-17,f,36.0,$36.00,28.0,1125.0,3.610917912644224,2021,6,17,3,0,2,False,65,36.33972602739726,36.33972602739726,Horcajo
34538599,2021-06-18,f,36.0,$36.00,28.0,1125.0,3.610917912644224,2021,6,18,4,0,2,False,66,36.33972602739726,36.33972602739726,Horcajo
34538599,2021-06-19,f,36.0,$36.00,28.0,1125.0,3.610917912644224,2021,6,19,5,1,2,False,67,36.33972602739726,36.33972602739726,Horcajo
34538599,2021-06-20,f,36.0,$36.00,28.0,1125.0,3.610917912644224,2021,6,20,6,1,2,False,68,36.33972602739726,36.33972602739726,Horcajo
34538599,2021-06-21,f,36.0,$36.00,28.0,1125.0,3.610917912644224,2021,6,21,0,0,2,False,69,36.33972602739726,36.33972602739726,Horcajo
34538599,2021-06-22,f,36.0,$36.00,28.0,1125.0,3.610917912644224,2021,6,22,1,0,2,False,70,36.33972602739726,36.33972602739726,Horcajo
34538599,2021-06-23,f,36.0,$36.00,28.0,1125.0,3.610917912644224,2021,6,23,2,0,2,False,71,36.33972602739726,36.33972602739726,Horcajo
34538599,2021-06-24,f,36.0,$36.00,28.0,1125.0,3.610917912644224,2021,6,24,3,0,2,False,72,36.33972602739726,36.33972602739726,Horcajo
34538599,2021-06-25,f,36.0,$36.00,28.0,1125.0,3.610917912644224,2021,6,25,4,0,2,False,73,36.33972602739726,36.33972602739726,Horcajo
34538599,2021-06-26,f,36.0,$36.00,28.0,1125.0,3.610917912644224,2021,6,26,5,1,2,False,74,36.33972602739726,36.33972602739726,Horcajo
34538599,2021-06-27,f,36.0,$36.00,28.0,1125.0,3.610917912644224,2021,6,27,6,1,2,False,75,36.33972602739726,36.33972602739726,Horcajo
34538599,2021-06-28,f,36.0,$36.00,28.0,1125.0,3.610917912644224,2021,6,28,0,0,2,False,76,36.33972602739726,36.33972602739726,Horcajo
34538599,2021-06-29,f,36.0,$36.00,28.0,1125.0,3.610917912644224,2021,6,29,1,0,2,False,77,36.33972602739726,36.33972602739726,Horcajo
34538599,2021-06-30,f,36.0,$36.00,28.0,1125.0,3.610917912644224,2021,6,30,2,0,2,False,78,36.33972602739726,36.33972602739726,Horcajo
34538599,2021-07-01,f,40.0,$40.00,28.0,1125.0,3.713572066704308,2021,7,1,3,0,3,False,79,36.33972602739726,36.33972602739726,Horcajo
34538599,2021-07-02,f,40.0,$40.00,28.0,1125.0,3.713572066704308,2021,7,2,4,0,3,False,80,36.33972602739726,36.33972602739726,Horcajo
34538599,2021-07-03,f,40.0,$40.00,28.0,1125.0,3.713572066704308,2021,7,3,5,1,3,False,81,36.33972602739726,36.33972602739726,Horcajo
34538599,2021-07-04,f,40.0,$40.00,28.0,1125.0,3.713572066704308,2021,7,4,6,1,3,False,82,36.33972602739726,36.33972602739726,Horcajo
34538599,2021-07-05,f,40.0,$40.00,28.0,1125.0,3.713572066704308,2021,7,5,0,0,3,False,83,36.33972602739726,36.33972602739726,Horcajo
34538599,2021-07-06,f,40.0,$40.00,28.0,1125.0,3.713572066704308,2021,7,6,1,0,3,False,84,36.33972602739726,36.33972602739726,Horcajo
34538599,2021-07-07,f,40.0,$40.00,28.0,1125.0,3.713572066704308,2021,7,7,2,0,3,False,85,36.33972602739726,36.33972602739726,Horcajo
34538599,2021-07-08,f,40.0,$40.00,28.0,1125.0,3.713572066704308,2021,7,8,3,0,3,False,86,36.33972602739726,36.33972602739726,Horcajo
34538599,2021-07-09,f,40.0,$40.00,28.0,1125.0,3.713572066704308,2021,7,9,4,0,3,False,87,36.33972602739726,36.33972602739726,Horcajo
34538599,2021-07-10,f,40.0,$40.00,28.0,1125.0,3.713572066704308,2021,7,10,5,1,3,False,88,36.33972602739726,36.33972602739726,Horcajo
34538599,2021-07-11,f,40.0,$40.00,28.0,1125.0,3.713572066704308,2021,7,11,6,1,3,False,89,36.33972602739726,36.33972602739726,Horcajo
34538599,2021-07-12,f,40.0,$40.00,28.0,1125.0,3.713572066704308,2021,7,12,0,0,3,False,90,36.33972602739726,36.33972602739726,Horcajo
34538599,2021-07-13,f,40.0,$40.00,28.0,1125.0,3.713572066704308,2021,7,13,1,0,3,False,91,36.33972602739726,36.33972602739726,Horcajo
34538599,2021-07-14,f,40.0,$40.00,28.0,1125.0,3.713572066704308,2021,7,14,2,0,3,False,92,36.33972602739726,36.33972602739726,Horcajo
34538599,2021-07-15,f,40.0,$40.00,28.0,1125.0,3.713572066704308,2021,7,15,3,0,3,False,93,36.33972602739726,36.33972602739726,Horcajo
34538599,2021-07-16,f,40.0,$40.00,28.0,1125.0,3.713572066704308,2021,7,16,4,0,3,False,94,36.33972602739726,36.33972602739726,Horcajo
34538599,2021-07-17,f,40.0,$40.00,28.0,1125.0,3.713572066704308,2021,7,17,5,1,3,False,95,36.33972602739726,36.33972602739726,Horcajo
34538599,2021-07-18,f,40.0,$40.00,28.0,1125.0,3.713572066704308,2021,7,18,6,1,3,False,96,36.33972602739726,36.33972602739726,Horcajo
34538599,2021-07-19,f,40.0,$40.00,28.0,1125.0,3.713572066704308,2021,7,19,0,0,3,False,97,36.33972602739726,36.33972602739726,Horcajo
34538599,2021-07-20,f,40.0,$40.00,28.0,1125.0,3.713572066704308,2021,7,20,1,0,3,False,98,36.33972602739726,36.33972602739726,Horcajo
34538599,2021-07-21,f,40.0,$40.00,28.0,1125.0,3.713572066704308,2021,7,21,2,0,3,False,99,36.33972602739726,36.33972602739726,Horcajo
34538599,2021-07-22,f,40.0,$40.00,28.0,1125.0,3.713572066704308,2021,7,22,3,0,3,False,100,36.33972602739726,36.33972602739726,Horcajo
34538599,2021-07-23,f,40.0,$40.00,28.0,1125.0,3.713572066704308,2021,7,23,4,0,3,False,101,36.33972602739726,36.33972602739726,Horcajo
34538599,2021-07-24,f,40.0,$40.00,28.0,1125.0,3.713572066704308,2021,7,24,5,1,3,False,102,36.33972602739726,36.33972602739726,Horcajo
34538599,2021-07-25,f,40.0,$40.00,28.0,1125.0,3.713572066704308,2021,7,25,6,1,3,False,103,36.33972602739726,36.33972602739726,Horcajo
34538599,2021-07-26,f,40.0,$40.00,28.0,1125.0,3.713572066704308,2021,7,26,0,0,3,False,104,36.33972602739726,36.33972602739726,Horcajo
34538599,2021-07-27,f,40.0,$40.00,28.0,1125.0,3.713572066704308,2021,7,27,1,0,3,False,105,36.33972602739726,36.33972602739726,Horcajo
34538599,2021-07-28,f,40.0,$40.00,28.0,1125.0,3.713572066704308,2021,7,28,2,0,3,False,106,36.33972602739726,36.33972602739726,Horcajo
34538599,2021-07-29,f,40.0,$40.00,28.0,1125.0,3.713572066704308,2021,7,29,3,0,3,False,107,36.33972602739726,36.33972602739726,Horcajo
34538599,2021-07-30,f,40.0,$40.00,28.0,1125.0,3.713572066704308,2021,7,30,4,0,3,False,108,36.33972602739726,36.33972602739726,Horcajo
34538599,2021-07-31,f,40.0,$40.00,28.0,1125.0,3.713572066704308,2021,7,31,5,1,3,False,109,36.33972602739726,36.33972602739726,Horcajo
34538599,2021-08-01,f,36.0,$36.00,28.0,1125.0,3.610917912644224,2021,8,1,6,1,3,False,110,36.33972602739726,36.33972602739726,Horcajo
34538599,2021-08-02,f,36.0,$36.00,28.0,1125.0,3.610917912644224,2021,8,2,0,0,3,False,111,36.33972602739726,36.33972602739726,Horcajo
34538599,2021-08-03,f,36.0,$36.00,28.0,1125.0,3.610917912644224,2021,8,3,1,0,3,False,112,36.33972602739726,36.33972602739726,Horcajo
34538599,2021-08-04,f,36.0,$36.00,28.0,1125.0,3.610917912644224,2021,8,4,2,0,3,False,113,36.33972602739726,36.33972602739726,Horcajo
34538599,2021-08-05,f,36.0,$36.00,28.0,1125.0,3.610917912644224,2021,8,5,3,0,3,False,114,36.33972602739726,36.33972602739726,Horcajo
34538599,2021-08-06,f,36.0,$36.00,28.0,1125.0,3.610917912644224,2021,8,6,4,0,3,False,115,36.33972602739726,36.33972602739726,Horcajo
34538599,2021-08-07,f,36.0,$36.00,28.0,1125.0,3.610917912644224,2021,8,7,5,1,3,False,116,36.33972602739726,36.33972602739726,Horcajo
34538599,2021-08-08,f,36.0,$36.00,28.0,1125.0,3.610917912644224,2021,8,8,6,1,3,False,117,36.33972602739726,36.33972602739726,Horcajo
34538599,2021-08-09,f,36.0,$36.00,28.0,1125.0,3.610917912644224,2021,8,9,0,0,3,False,118,36.33972602739726,36.33972602739726,Horcajo
34538599,2021-08-10,f,36.0,$36.00,28.0,1125.0,3.610917912644224,2021,8,10,1,0,3,False,119,36.33972602739726,36.33972602739726,Horcajo
34538599,2021-08-11,f,36.0,$36.00,28.0,1125.0,3.610917912644224,2021,8,11,2,0,3,False,120,36.33972602739726,36.33972602739726,Horcajo
34538599,2021-08-12,f,36.0,$36.00,28.0,1125.0,3.610917912644224,2021,8,12,3,0,3,False,121,36.33972602739726,36.33972602739726,Horcajo
34538599,2021-08-13,f,36.0,$36.00,28.0,1125.0,3.610917912644224,2021,8,13,4,0,3,False,122,36.33972602739726,36.33972602739726,Horcajo
34538599,2021-08-14,f,36.0,$36.00,28.0,1125.0,3.610917912644224,2021,8,14,5,1,3,False,123,36.33972602739726,36.33972602739726,Horcajo
34538599,2021-08-15,f,36.0,$36.00,28.0,1125.0,3.610917912644224,2021,8,15,6,1,3,False,124,36.33972602739726,36.33972602739726,Horcajo
34538599,2021-08-16,f,36.0,$36.00,28.0,1125.0,3.610917912644224,2021,8,16,0,0,3,False,125,36.33972602739726,36.33972602739726,Horcajo
34538599,2021-08-17,f,36.0,$36.00,28.0,1125.0,3.610917912644224,2021,8,17,1,0,3,False,126,36.33972602739726,36.33972602739726,Horcajo
34538599,2021-08-18,f,36.0,$36.00,28.0,1125.0,3.610917912644224,2021,8,18,2,0,3,False,127,36.33972602739726,36.33972602739726,Horcajo
34538599,2021-08-19,f,36.0,$36.00,28.0,1125.0,3.610917912644224,2021,8,19,3,0,3,False,128,36.33972602739726,36.33972602739726,Horcajo
34538599,2021-08-20,f,36.0,$36.00,28.0,1125.0,3.610917912644224,2021,8,20,4,0,3,False,129,36.33972602739726,36.33972602739726,Horcajo
34538599,2021-08-21,f,36.0,$36.00,28.0,1125.0,3.610917912644224,2021,8,21,5,1,3,False,130,36.33972602739726,36.33972602739726,Horcajo
34538599,2021-08-22,f,36.0,$36.00,28.0,1125.0,3.610917912644224,2021,8,22,6,1,3,False,131,36.33972602739726,36.33972602739726,Horcajo
34538599,2021-08-23,f,36.0,$36.00,28.0,1125.0,3.610917912644224,2021,8,23,0,0,3,False,132,36.33972602739726,36.33972602739726,Horcajo
34538599,2021-08-24,f,36.0,$36.00,28.0,1125.0,3.610917912644224,2021,8,24,1,0,3,False,133,36.33972602739726,36.33972602739726,Horcajo
34538599,2021-08-25,f,36.0,$36.00,28.0,1125.0,3.610917912644224,2021,8,25,2,0,3,False,134,36.33972602739726,36.33972602739726,Horcajo
34538599,2021-08-26,f,36.0,$36.00,28.0,1125.0,3.610917912644224,2021,8,26,3,0,3,False,135,36.33972602739726,36.33972602739726,Horcajo
34538599,2021-08-27,f,36.0,$36.00,28.0,1125.0,3.610917912644224,2021,8,27,4,0,3,False,136,36.33972602739726,36.33972602739726,Horcajo
34538599,2021-08-28,f,36.0,$36.00,28.0,1125.0,3.610917912644224,2021,8,28,5,1,3,False,137,36.33972602739726,36.33972602739726,Horcajo
34538599,2021-08-29,f,36.0,$36.00,28.0,1125.0,3.610917912644224,2021,8,29,6,1,3,False,138,36.33972602739726,36.33972602739726,Horcajo
34538599,2021-08-30,f,36.0,$36.00,28.0,1125.0,3.610917912644224,2021,8,30,0,0,3,False,139,36.33972602739726,36.33972602739726,Horcajo
34538599,2021-08-31,f,36.0,$36.00,28.0,1125.0,3.610917912644224,2021,8,31,1,0,3,False,140,36.33972602739726,36.33972602739726,Horcajo
34538599,2021-09-01,f,36.0,$36.00,28.0,1125.0,3.610917912644224,2021,9,1,2,0,3,False,141,36.33972602739726,36.33972602739726,Horcajo
34538599,2021-09-02,f,36.0,$36.00,28.0,1125.0,3.610917912644224,2021,9,2,3,0,3,False,142,36.33972602739726,36.33972602739726,Horcajo
34538599,2021-09-03,f,36.0,$36.00,28.0,1125.0,3.610917912644224,2021,9,3,4,0,3,False,143,36.33972602739726,36.33972602739726,Horcajo
34538599,2021-09-04,f,36.0,$36.00,28.0,1125.0,3.610917912644224,2021,9,4,5,1,3,False,144,36.33972602739726,36.33972602739726,Horcajo
34538599,2021-09-05,f,36.0,$36.00,28.0,1125.0,3.610917912644224,2021,9,5,6,1,3,False,145,36.33972602739726,36.33972602739726,Horcajo
34538599,2021-09-06,f,36.0,$36.00,28.0,1125.0,3.610917912644224,2021,9,6,0,0,3,False,146,36.33972602739726,36.33972602739726,Horcajo
34538599,2021-09-07,f,36.0,$36.00,28.0,1125.0,3.610917912644224,2021,9,7,1,0,3,False,147,36.33972602739726,36.33972602739726,Horcajo
34538599,2021-09-08,f,36.0,$36.00,28.0,1125.0,3.610917912644224,2021,9,8,2,0,3,False,148,36.33972602739726,36.33972602739726,Horcajo
34538599,2021-09-09,f,36.0,$36.00,28.0,1125.0,3.610917912644224,2021,9,9,3,0,3,False,149,36.33972602739726,36.33972602739726,Horcajo
34538599,2021-09-10,f,36.0,$36.00,28.0,1125.0,3.610917912644224,2021,9,10,4,0,3,False,150,36.33972602739726,36.33972602739726,Horcajo
34538599,2021-09-11,f,36.0,$36.00,28.0,1125.0,3.610917912644224,2021,9,11,5,1,3,False,151,36.33972602739726,36.33972602739726,Horcajo
34538599,2021-09-12,f,36.0,$36.00,28.0,1125.0,3.610917912644224,2021,9,12,6,1,3,False,152,36.33972602739726,36.33972602739726,Horcajo
34538599,2021-09-13,f,36.0,$36.00,28.0,1125.0,3.610917912644224,2021,9,13,0,0,3,False,153,36.33972602739726,36.33972602739726,Horcajo
34538599,2021-09-14,f,36.0,$36.00,28.0,1125.0,3.610917912644224,2021,9,14,1,0,3,False,154,36.33972602739726,36.33972602739726,Horcajo
34538599,2021-09-15,f,36.0,$36.00,28.0,1125.0,3.610917912644224,2021,9,15,2,0,3,False,155,36.33972602739726,36.33972602739726,Horcajo
34538599,2021-09-16,f,36.0,$36.00,28.0,1125.0,3.610917912644224,2021,9,16,3,0,3,False,156,36.33972602739726,36.33972602739726,Horcajo
34538599,2021-09-17,f,36.0,$36.00,28.0,1125.0,3.610917912644224,2021,9,17,4,0,3,False,157,36.33972602739726,36.33972602739726,Horcajo
34538599,2021-09-18,f,36.0,$36.00,28.0,1125.0,3.610917912644224,2021,9,18,5,1,3,False,158,36.33972602739726,36.33972602739726,Horcajo
34538599,2021-09-19,f,36.0,$36.00,28.0,1125.0,3.610917912644224,2021,9,19,6,1,3,False,159,36.33972602739726,36.33972602739726,Horcajo
34538599,2021-09-20,f,36.0,$36.00,28.0,1125.0,3.610917912644224,2021,9,20,0,0,3,False,160,36.33972602739726,36.33972602739726,Horcajo
34538599,2021-09-21,f,36.0,$36.00,28.0,1125.0,3.610917912644224,2021,9,21,1,0,3,False,161,36.33972602739726,36.33972602739726,Horcajo
34538599,2021-09-22,f,36.0,$36.00,28.0,1125.0,3.610917912644224,2021,9,22,2,0,3,False,162,36.33972602739726,36.33972602739726,Horcajo
34538599,2021-09-23,f,36.0,$36.00,28.0,1125.0,3.610917912644224,2021,9,23,3,0,3,False,163,36.33972602739726,36.33972602739726,Horcajo
34538599,2021-09-24,f,36.0,$36.00,28.0,1125.0,3.610917912644224,2021,9,24,4,0,3,False,164,36.33972602739726,36.33972602739726,Horcajo
34538599,2021-09-25,f,36.0,$36.00,28.0,1125.0,3.610917912644224,2021,9,25,5,1,3,False,165,36.33972602739726,36.33972602739726,Horcajo
34538599,2021-09-26,f,36.0,$36.00,28.0,1125.0,3.610917912644224,2021,9,26,6,1,3,False,166,36.33972602739726,36.33972602739726,Horcajo
34538599,2021-09-27,f,36.0,$36.00,28.0,1125.0,3.610917912644224,2021,9,27,0,0,3,False,167,36.33972602739726,36.33972602739726,Horcajo
34538599,2021-09-28,f,36.0,$36.00,28.0,1125.0,3.610917912644224,2021,9,28,1,0,3,False,168,36.33972602739726,36.33972602739726,Horcajo
34538599,2021-09-29,f,36.0,$36.00,28.0,1125.0,3.610917912644224,2021,9,29,2,0,3,False,169,36.33972602739726,36.33972602739726,Horcajo
34538599,2021-09-30,f,36.0,$36.00,28.0,1125.0,3.610917912644224,2021,9,30,3,0,3,False,170,36.33972602739726,36.33972602739726,Horcajo
34538599,2021-10-01,f,36.0,$36.00,28.0,1125.0,3.610917912644224,2021,10,1,4,0,4,False,171,36.33972602739726,36.33972602739726,Horcajo
34538599,2021-10-02,f,36.0,$36.00,28.0,1125.0,3.610917912644224,2021,10,2,5,1,4,False,172,36.33972602739726,36.33972602739726,Horcajo
34538599,2021-10-03,f,36.0,$36.00,28.0,1125.0,3.610917912644224,2021,10,3,6,1,4,False,173,36.33972602739726,36.33972602739726,Horcajo
34538599,2021-10-04,f,36.0,$36.00,28.0,1125.0,3.610917912644224,2021,10,4,0,0,4,False,174,36.33972602739726,36.33972602739726,Horcajo
34538599,2021-10-05,f,36.0,$36.00,28.0,1125.0,3.610917912644224,2021,10,5,1,0,4,False,175,36.33972602739726,36.33972602739726,Horcajo
34538599,2021-10-06,f,36.0,$36.00,28.0,1125.0,3.610917912644224,2021,10,6,2,0,4,False,176,36.33972602739726,36.33972602739726,Horcajo
34538599,2021-10-07,f,36.0,$36.00,28.0,1125.0,3.610917912644224,2021,10,7,3,0,4,False,177,36.33972602739726,36.33972602739726,Horcajo
34538599,2021-10-08,f,36.0,$36.00,28.0,1125.0,3.610917912644224,2021,10,8,4,0,4,False,178,36.33972602739726,36.33972602739726,Horcajo
34538599,2021-10-09,f,36.0,$36.00,28.0,1125.0,3.610917912644224,2021,10,9,5,1,4,False,179,36.33972602739726,36.33972602739726,Horcajo
34538599,2021-10-10,f,36.0,$36.00,28.0,1125.0,3.610917912644224,2021,10,10,6,1,4,False,180,36.33972602739726,36.33972602739726,Horcajo
34538599,2021-10-11,f,36.0,$36.00,28.0,1125.0,3.610917912644224,2021,10,11,0,0,4,False,181,36.33972602739726,36.33972602739726,Horcajo
34538599,2021-10-12,f,36.0,$36.00,28.0,1125.0,3.610917912644224,2021,10,12,1,0,4,False,182,36.33972602739726,36.33972602739726,Horcajo
34538599,2021-10-13,f,36.0,$36.00,28.0,1125.0,3.610917912644224,2021,10,13,2,0,4,False,183,36.33972602739726,36.33972602739726,Horcajo
34538599,2021-10-14,f,36.0,$36.00,28.0,1125.0,3.610917912644224,2021,10,14,3,0,4,False,184,36.33972602739726,36.33972602739726,Horcajo
34538599,2021-10-15,f,36.0,$36.00,28.0,1125.0,3.610917912644224,2021,10,15,4,0,4,False,185,36.33972602739726,36.33972602739726,Horcajo
34538599,2021-10-16,f,36.0,$36.00,28.0,1125.0,3.610917912644224,2021,10,16,5,1,4,False,186,36.33972602739726,36.33972602739726,Horcajo
34538599,2021-10-17,f,36.0,$36.00,28.0,1125.0,3.610917912644224,2021,10,17,6,1,4,False,187,36.33972602739726,36.33972602739726,Horcajo
34538599,2021-10-18,f,36.0,$36.00,28.0,1125.0,3.610917912644224,2021,10,18,0,0,4,False,188,36.33972602739726,36.33972602739726,Horcajo
34538599,2021-10-19,f,36.0,$36.00,28.0,1125.0,3.610917912644224,2021,10,19,1,0,4,False,189,36.33972602739726,36.33972602739726,Horcajo
34538599,2021-10-20,f,36.0,$36.00,28.0,1125.0,3.610917912644224,2021,10,20,2,0,4,False,190,36.33972602739726,36.33972602739726,Horcajo
34538599,2021-10-21,f,36.0,$36.00,28.0,1125.0,3.610917912644224,2021,10,21,3,0,4,False,191,36.33972602739726,36.33972602739726,Horcajo
34538599,2021-10-22,f,36.0,$36.00,28.0,1125.0,3.610917912644224,2021,10,22,4,0,4,False,192,36.33972602739726,36.33972602739726,Horcajo
34538599,2021-10-23,f,36.0,$36.00,28.0,1125.0,3.610917912644224,2021,10,23,5,1,4,False,193,36.33972602739726,36.33972602739726,Horcajo
34538599,2021-10-24,f,36.0,$36.00,28.0,1125.0,3.610917912644224,2021,10,24,6,1,4,False,194,36.33972602739726,36.33972602739726,Horcajo
34538599,2021-10-25,f,36.0,$36.00,28.0,1125.0,3.610917912644224,2021,10,25,0,0,4,False,195,36.33972602739726,36.33972602739726,Horcajo
34538599,2021-10-26,f,36.0,$36.00,28.0,1125.0,3.610917912644224,2021,10,26,1,0,4,False,196,36.33972602739726,36.33972602739726,Horcajo
34538599,2021-10-27,f,36.0,$36.00,28.0,1125.0,3.610917912644224,2021,10,27,2,0,4,False,197,36.33972602739726,36.33972602739726,Horcajo
34538599,2021-10-28,f,36.0,$36.00,28.0,1125.0,3.610917912644224,2021,10,28,3,0,4,False,198,36.33972602739726,36.33972602739726,Horcajo
34538599,2021-10-29,f,36.0,$36.00,28.0,1125.0,3.610917912644224,2021,10,29,4,0,4,False,199,36.33972602739726,36.33972602739726,Horcajo
34538599,2021-10-30,f,36.0,$36.00,28.0,1125.0,3.610917912644224,2021,10,30,5,1,4,False,200,36.33972602739726,36.33972602739726,Horcajo
34538599,2021-10-31,f,36.0,$36.00,28.0,1125.0,3.610917912644224,2021,10,31,6,1,4,False,201,36.33972602739726,36.33972602739726,Horcajo
34538599,2021-11-01,f,36.0,$36.00,28.0,1125.0,3.610917912644224,2021,11,1,0,0,4,False,202,36.33972602739726,36.33972602739726,Horcajo
34538599,2021-11-02,f,36.0,$36.00,28.0,1125.0,3.610917912644224,2021,11,2,1,0,4,False,203,36.33972602739726,36.33972602739726,Horcajo
34538599,2021-11-03,f,36.0,$36.00,28.0,1125.0,3.610917912644224,2021,11,3,2,0,4,False,204,36.33972602739726,36.33972602739726,Horcajo
34538599,2021-11-04,f,36.0,$36.00,28.0,1125.0,3.610917912644224,2021,11,4,3,0,4,False,205,36.33972602739726,36.33972602739726,Horcajo
34538599,2021-11-05,f,36.0,$36.00,28.0,1125.0,3.610917912644224,2021,11,5,4,0,4,False,206,36.33972602739726,36.33972602739726,Horcajo
34538599,2021-11-06,f,36.0,$36.00,28.0,1125.0,3.610917912644224,2021,11,6,5,1,4,False,207,36.33972602739726,36.33972602739726,Horcajo
34538599,2021-11-07,f,36.0,$36.00,28.0,1125.0,3.610917912644224,2021,11,7,6,1,4,False,208,36.33972602739726,36.33972602739726,Horcajo
34538599,2021-11-08,f,36.0,$36.00,28.0,1125.0,3.610917912644224,2021,11,8,0,0,4,False,209,36.33972602739726,36.33972602739726,Horcajo
34538599,2021-11-09,f,36.0,$36.00,28.0,1125.0,3.610917912644224,2021,11,9,1,0,4,False,210,36.33972602739726,36.33972602739726,Horcajo
34538599,2021-11-10,f,36.0,$36.00,28.0,1125.0,3.610917912644224,2021,11,10,2,0,4,False,211,36.33972602739726,36.33972602739726,Horcajo
34538599,2021-11-11,f,36.0,$36.00,28.0,1125.0,3.610917912644224,2021,11,11,3,0,4,False,212,36.33972602739726,36.33972602739726,Horcajo
34538599,2021-11-12,f,36.0,$36.00,28.0,1125.0,3.610917912644224,2021,11,12,4,0,4,False,213,36.33972602739726,36.33972602739726,Horcajo
34538599,2021-11-13,f,36.0,$36.00,28.0,1125.0,3.610917912644224,2021,11,13,5,1,4,False,214,36.33972602739726,36.33972602739726,Horcajo
34538599,2021-11-14,f,36.0,$36.00,28.0,1125.0,3.610917912644224,2021,11,14,6,1,4,False,215,36.33972602739726,36.33972602739726,Horcajo
34538599,2021-11-15,f,36.0,$36.00,28.0,1125.0,3.610917912644224,2021,11,15,0,0,4,False,216,36.33972602739726,36.33972602739726,Horcajo
34538599,2021-11-16,f,36.0,$36.00,28.0,1125.0,3.610917912644224,2021,11,16,1,0,4,False,217,36.33972602739726,36.33972602739726,Horcajo
34538599,2021-11-17,f,36.0,$36.00,28.0,1125.0,3.610917912644224,2021,11,17,2,0,4,False,218,36.33972602739726,36.33972602739726,Horcajo
34538599,2021-11-18,f,36.0,$36.00,28.0,1125.0,3.610917912644224,2021,11,18,3,0,4,False,219,36.33972602739726,36.33972602739726,Horcajo
34538599,2021-11-19,f,36.0,$36.00,28.0,1125.0,3.610917912644224,2021,11,19,4,0,4,False,220,36.33972602739726,36.33972602739726,Horcajo
34538599,2021-11-20,f,36.0,$36.00,28.0,1125.0,3.610917912644224,2021,11,20,5,1,4,False,221,36.33972602739726,36.33972602739726,Horcajo
34538599,2021-11-21,f,36.0,$36.00,28.0,1125.0,3.610917912644224,2021,11,21,6,1,4,False,222,36.33972602739726,36.33972602739726,Horcajo
34538599,2021-11-22,f,36.0,$36.00,28.0,1125.0,3.610917912644224,2021,11,22,0,0,4,False,223,36.33972602739726,36.33972602739726,Horcajo
34538599,2021-11-23,f,36.0,$36.00,28.0,1125.0,3.610917912644224,2021,11,23,1,0,4,False,224,36.33972602739726,36.33972602739726,Horcajo
34538599,2021-11-24,f,36.0,$36.00,28.0,1125.0,3.610917912644224,2021,11,24,2,0,4,False,225,36.33972602739726,36.33972602739726,Horcajo
34538599,2021-11-25,f,36.0,$36.00,28.0,1125.0,3.610917912644224,2021,11,25,3,0,4,False,226,36.33972602739726,36.33972602739726,Horcajo
34538599,2021-11-26,f,36.0,$36.00,28.0,1125.0,3.610917912644224,2021,11,26,4,0,4,False,227,36.33972602739726,36.33972602739726,Horcajo
34538599,2021-11-27,f,36.0,$36.00,28.0,1125.0,3.610917912644224,2021,11,27,5,1,4,False,228,36.33972602739726,36.33972602739726,Horcajo
34538599,2021-11-28,f,36.0,$36.00,28.0,1125.0,3.610917912644224,2021,11,28,6,1,4,False,229,36.33972602739726,36.33972602739726,Horcajo
34538599,2021-11-29,f,36.0,$36.00,28.0,1125.0,3.610917912644224,2021,11,29,0,0,4,False,230,36.33972602739726,36.33972602739726,Horcajo
34538599,2021-11-30,f,36.0,$36.00,28.0,1125.0,3.610917912644224,2021,11,30,1,0,4,False,231,36.33972602739726,36.33972602739726,Horcajo
34538599,2021-12-01,f,36.0,$36.00,28.0,1125.0,3.610917912644224,2021,12,1,2,0,4,False,232,36.33972602739726,36.33972602739726,Horcajo
34538599,2021-12-02,f,36.0,$36.00,28.0,1125.0,3.610917912644224,2021,12,2,3,0,4,False,233,36.33972602739726,36.33972602739726,Horcajo
34538599,2021-12-03,f,36.0,$36.00,28.0,1125.0,3.610917912644224,2021,12,3,4,0,4,False,234,36.33972602739726,36.33972602739726,Horcajo
34538599,2021-12-04,f,36.0,$36.00,28.0,1125.0,3.610917912644224,2021,12,4,5,1,4,False,235,36.33972602739726,36.33972602739726,Horcajo
34538599,2021-12-05,f,36.0,$36.00,28.0,1125.0,3.610917912644224,2021,12,5,6,1,4,False,236,36.33972602739726,36.33972602739726,Horcajo
34538599,2021-12-06,f,36.0,$36.00,28.0,1125.0,3.610917912644224,2021,12,6,0,0,4,False,237,36.33972602739726,36.33972602739726,Horcajo
34538599,2021-12-07,f,36.0,$36.00,28.0,1125.0,3.610917912644224,2021,12,7,1,0,4,False,238,36.33972602739726,36.33972602739726,Horcajo
34538599,2021-12-08,f,36.0,$36.00,28.0,1125.0,3.610917912644224,2021,12,8,2,0,4,False,239,36.33972602739726,36.33972602739726,Horcajo
34538599,2021-12-09,f,36.0,$36.00,28.0,1125.0,3.610917912644224,2021,12,9,3,0,4,False,240,36.33972602739726,36.33972602739726,Horcajo
34538599,2021-12-10,f,36.0,$36.00,28.0,1125.0,3.610917912644224,2021,12,10,4,0,4,False,241,36.33972602739726,36.33972602739726,Horcajo
34538599,2021-12-11,f,36.0,$36.00,28.0,1125.0,3.610917912644224,2021,12,11,5,1,4,False,242,36.33972602739726,36.33972602739726,Horcajo
34538599,2021-12-12,f,36.0,$36.00,28.0,1125.0,3.610917912644224,2021,12,12,6,1,4,False,243,36.33972602739726,36.33972602739726,Horcajo
34538599,2021-12-13,f,36.0,$36.00,28.0,1125.0,3.610917912644224,2021,12,13,0,0,4,False,244,36.33972602739726,36.33972602739726,Horcajo
34538599,2021-12-14,f,36.0,$36.00,28.0,1125.0,3.610917912644224,2021,12,14,1,0,4,False,245,36.33972602739726,36.33972602739726,Horcajo
34538599,2021-12-15,f,36.0,$36.00,28.0,1125.0,3.610917912644224,2021,12,15,2,0,4,False,246,36.33972602739726,36.33972602739726,Horcajo
34538599,2021-12-16,f,36.0,$36.00,28.0,1125.0,3.610917912644224,2021,12,16,3,0,4,False,247,36.33972602739726,36.33972602739726,Horcajo
34538599,2021-12-17,f,36.0,$36.00,28.0,1125.0,3.610917912644224,2021,12,17,4,0,4,False,248,36.33972602739726,36.33972602739726,Horcajo
34538599,2021-12-18,f,36.0,$36.00,28.0,1125.0,3.610917912644224,2021,12,18,5,1,4,False,249,36.33972602739726,36.33972602739726,Horcajo
34538599,2021-12-19,f,36.0,$36.00,28.0,1125.0,3.610917912644224,2021,12,19,6,1,4,False,250,36.33972602739726,36.33972602739726,Horcajo
34538599,2021-12-20,f,36.0,$36.00,28.0,1125.0,3.610917912644224,2021,12,20,0,0,4,True,251,36.33972602739726,36.33972602739726,Horcajo
34538599,2021-12-21,f,36.0,$36.00,28.0,1125.0,3.610917912644224,2021,12,21,1,0,4,True,252,36.33972602739726,36.33972602739726,Horcajo
34538599,2021-12-22,f,36.0,$36.00,28.0,1125.0,3.610917912644224,2021,12,22,2,0,4,True,253,36.33972602739726,36.33972602739726,Horcajo
34538599,2021-12-23,f,36.0,$36.00,28.0,1125.0,3.610917912644224,2021,12,23,3,0,4,True,254,36.33972602739726,36.33972602739726,Horcajo
34538599,2021-12-24,f,36.0,$36.00,28.0,1125.0,3.610917912644224,2021,12,24,4,0,4,True,255,36.33972602739726,36.33972602739726,Horcajo
34538599,2021-12-25,f,36.0,$36.00,28.0,1125.0,3.610917912644224,2021,12,25,5,1,4,True,256,36.33972602739726,36.33972602739726,Horcajo
34538599,2021-12-26,f,36.0,$36.00,28.0,1125.0,3.610917912644224,2021,12,26,6,1,4,True,257,36.33972602739726,36.33972602739726,Horcajo
34538599,2021-12-27,f,36.0,$36.00,28.0,1125.0,3.610917912644224,2021,12,27,0,0,4,True,258,36.33972602739726,36.33972602739726,Horcajo
34538599,2021-12-28,f,36.0,$36.00,28.0,1125.0,3.610917912644224,2021,12,28,1,0,4,True,259,36.33972602739726,36.33972602739726,Horcajo
34538599,2021-12-29,f,36.0,$36.00,28.0,1125.0,3.610917912644224,2021,12,29,2,0,4,True,260,36.33972602739726,36.33972602739726,Horcajo
34538599,2021-12-30,f,36.0,$36.00,28.0,1125.0,3.610917912644224,2021,12,30,3,0,4,True,261,36.33972602739726,36.33972602739726,Horcajo
34538599,2021-12-31,f,36.0,$36.00,28.0,1125.0,3.610917912644224,2021,12,31,4,0,4,True,262,36.33972602739726,36.33972602739726,Horcajo
34538599,2022-01-01,f,36.0,$36.00,28.0,1125.0,3.610917912644224,2022,1,1,5,1,1,True,263,36.33972602739726,36.33972602739726,Horcajo
34538599,2022-01-02,f,36.0,$36.00,28.0,1125.0,3.610917912644224,2022,1,2,6,1,1,True,264,36.33972602739726,36.33972602739726,Horcajo
34538599,2022-01-03,f,36.0,$36.00,28.0,1125.0,3.610917912644224,2022,1,3,0,0,1,True,265,36.33972602739726,36.33972602739726,Horcajo
34538599,2022-01-04,f,36.0,$36.00,28.0,1125.0,3.610917912644224,2022,1,4,1,0,1,True,266,36.33972602739726,36.33972602739726,Horcajo
34538599,2022-01-05,f,36.0,$36.00,28.0,1125.0,3.610917912644224,2022,1,5,2,0,1,True,267,36.33972602739726,36.33972602739726,Horcajo
34538599,2022-01-06,f,36.0,$36.00,28.0,1125.0,3.610917912644224,2022,1,6,3,0,1,False,268,36.33972602739726,36.33972602739726,Horcajo
34538599,2022-01-07,f,36.0,$36.00,28.0,1125.0,3.610917912644224,2022,1,7,4,0,1,False,269,36.33972602739726,36.33972602739726,Horcajo
34538599,2022-01-08,f,36.0,$36.00,28.0,1125.0,3.610917912644224,2022,1,8,5,1,1,False,270,36.33972602739726,36.33972602739726,Horcajo
34538599,2022-01-09,f,36.0,$36.00,28.0,1125.0,3.610917912644224,2022,1,9,6,1,1,False,271,36.33972602739726,36.33972602739726,Horcajo
34538599,2022-01-10,f,36.0,$36.00,28.0,1125.0,3.610917912644224,2022,1,10,0,0,1,False,272,36.33972602739726,36.33972602739726,Horcajo
34538599,2022-01-11,f,36.0,$36.00,28.0,1125.0,3.610917912644224,2022,1,11,1,0,1,False,273,36.33972602739726,36.33972602739726,Horcajo
34538599,2022-01-12,f,36.0,$36.00,28.0,1125.0,3.610917912644224,2022,1,12,2,0,1,False,274,36.33972602739726,36.33972602739726,Horcajo
34538599,2022-01-13,f,36.0,$36.00,28.0,1125.0,3.610917912644224,2022,1,13,3,0,1,False,275,36.33972602739726,36.33972602739726,Horcajo
34538599,2022-01-14,f,36.0,$36.00,28.0,1125.0,3.610917912644224,2022,1,14,4,0,1,False,276,36.33972602739726,36.33972602739726,Horcajo
34538599,2022-01-15,f,36.0,$36.00,28.0,1125.0,3.610917912644224,2022,1,15,5,1,1,False,277,36.33972602739726,36.33972602739726,Horcajo
34538599,2022-01-16,f,36.0,$36.00,28.0,1125.0,3.610917912644224,2022,1,16,6,1,1,False,278,36.33972602739726,36.33972602739726,Horcajo
34538599,2022-01-17,f,36.0,$36.00,28.0,1125.0,3.610917912644224,2022,1,17,0,0,1,False,279,36.33972602739726,36.33972602739726,Horcajo
34538599,2022-01-18,f,36.0,$36.00,28.0,1125.0,3.610917912644224,2022,1,18,1,0,1,False,280,36.33972602739726,36.33972602739726,Horcajo
34538599,2022-01-19,f,36.0,$36.00,28.0,1125.0,3.610917912644224,2022,1,19,2,0,1,False,281,36.33972602739726,36.33972602739726,Horcajo
34538599,2022-01-20,f,36.0,$36.00,28.0,1125.0,3.610917912644224,2022,1,20,3,0,1,False,282,36.33972602739726,36.33972602739726,Horcajo
34538599,2022-01-21,f,36.0,$36.00,28.0,1125.0,3.610917912644224,2022,1,21,4,0,1,False,283,36.33972602739726,36.33972602739726,Horcajo
34538599,2022-01-22,f,36.0,$36.00,28.0,1125.0,3.610917912644224,2022,1,22,5,1,1,False,284,36.33972602739726,36.33972602739726,Horcajo
34538599,2022-01-23,f,36.0,$36.00,28.0,1125.0,3.610917912644224,2022,1,23,6,1,1,False,285,36.33972602739726,36.33972602739726,Horcajo
34538599,2022-01-24,f,36.0,$36.00,28.0,1125.0,3.610917912644224,2022,1,24,0,0,1,False,286,36.33972602739726,36.33972602739726,Horcajo
34538599,2022-01-25,f,36.0,$36.00,28.0,1125.0,3.610917912644224,2022,1,25,1,0,1,False,287,36.33972602739726,36.33972602739726,Horcajo
34538599,2022-01-26,f,36.0,$36.00,28.0,1125.0,3.610917912644224,2022,1,26,2,0,1,False,288,36.33972602739726,36.33972602739726,Horcajo
34538599,2022-01-27,f,36.0,$36.00,28.0,1125.0,3.610917912644224,2022,1,27,3,0,1,False,289,36.33972602739726,36.33972602739726,Horcajo
34538599,2022-01-28,f,36.0,$36.00,28.0,1125.0,3.610917912644224,2022,1,28,4,0,1,False,290,36.33972602739726,36.33972602739726,Horcajo
34538599,2022-01-29,f,36.0,$36.00,28.0,1125.0,3.610917912644224,2022,1,29,5,1,1,False,291,36.33972602739726,36.33972602739726,Horcajo
34538599,2022-01-30,f,36.0,$36.00,28.0,1125.0,3.610917912644224,2022,1,30,6,1,1,False,292,36.33972602739726,36.33972602739726,Horcajo
34538599,2022-01-31,f,36.0,$36.00,28.0,1125.0,3.610917912644224,2022,1,31,0,0,1,False,293,36.33972602739726,36.33972602739726,Horcajo
34538599,2022-02-01,f,36.0,$36.00,28.0,1125.0,3.610917912644224,2022,2,1,1,0,1,False,294,36.33972602739726,36.33972602739726,Horcajo
34538599,2022-02-02,f,36.0,$36.00,28.0,1125.0,3.610917912644224,2022,2,2,2,0,1,False,295,36.33972602739726,36.33972602739726,Horcajo
34538599,2022-02-03,f,36.0,$36.00,28.0,1125.0,3.610917912644224,2022,2,3,3,0,1,False,296,36.33972602739726,36.33972602739726,Horcajo
34538599,2022-02-04,f,36.0,$36.00,28.0,1125.0,3.610917912644224,2022,2,4,4,0,1,False,297,36.33972602739726,36.33972602739726,Horcajo
34538599,2022-02-05,f,36.0,$36.00,28.0,1125.0,3.610917912644224,2022,2,5,5,1,1,False,298,36.33972602739726,36.33972602739726,Horcajo
34538599,2022-02-06,f,36.0,$36.00,28.0,1125.0,3.610917912644224,2022,2,6,6,1,1,False,299,36.33972602739726,36.33972602739726,Horcajo
34538599,2022-02-07,f,36.0,$36.00,28.0,1125.0,3.610917912644224,2022,2,7,0,0,1,False,300,36.33972602739726,36.33972602739726,Horcajo
34538599,2022-02-08,f,36.0,$36.00,28.0,1125.0,3.610917912644224,2022,2,8,1,0,1,False,301,36.33972602739726,36.33972602739726,Horcajo
34538599,2022-02-09,f,36.0,$36.00,28.0,1125.0,3.610917912644224,2022,2,9,2,0,1,False,302,36.33972602739726,36.33972602739726,Horcajo
34538599,2022-02-10,f,36.0,$36.00,28.0,1125.0,3.610917912644224,2022,2,10,3,0,1,False,303,36.33972602739726,36.33972602739726,Horcajo
34538599,2022-02-11,f,36.0,$36.00,28.0,1125.0,3.610917912644224,2022,2,11,4,0,1,False,304,36.33972602739726,36.33972602739726,Horcajo
34538599,2022-02-12,f,36.0,$36.00,28.0,1125.0,3.610917912644224,2022,2,12,5,1,1,False,305,36.33972602739726,36.33972602739726,Horcajo
34538599,2022-02-13,f,36.0,$36.00,28.0,1125.0,3.610917912644224,2022,2,13,6,1,1,False,306,36.33972602739726,36.33972602739726,Horcajo
34538599,2022-02-14,f,36.0,$36.00,28.0,1125.0,3.610917912644224,2022,2,14,0,0,1,False,307,36.33972602739726,36.33972602739726,Horcajo
34538599,2022-02-15,f,36.0,$36.00,28.0,1125.0,3.610917912644224,2022,2,15,1,0,1,False,308,36.33972602739726,36.33972602739726,Horcajo
34538599,2022-02-16,f,36.0,$36.00,28.0,1125.0,3.610917912644224,2022,2,16,2,0,1,False,309,36.33972602739726,36.33972602739726,Horcajo
34538599,2022-02-17,f,36.0,$36.00,28.0,1125.0,3.610917912644224,2022,2,17,3,0,1,False,310,36.33972602739726,36.33972602739726,Horcajo
34538599,2022-02-18,f,36.0,$36.00,28.0,1125.0,3.610917912644224,2022,2,18,4,0,1,False,311,36.33972602739726,36.33972602739726,Horcajo
34538599,2022-02-19,f,36.0,$36.00,28.0,1125.0,3.610917912644224,2022,2,19,5,1,1,False,312,36.33972602739726,36.33972602739726,Horcajo
34538599,2022-02-20,f,36.0,$36.00,28.0,1125.0,3.610917912644224,2022,2,20,6,1,1,False,313,36.33972602739726,36.33972602739726,Horcajo
34538599,2022-02-21,f,36.0,$36.00,28.0,1125.0,3.610917912644224,2022,2,21,0,0,1,False,314,36.33972602739726,36.33972602739726,Horcajo
34538599,2022-02-22,f,36.0,$36.00,28.0,1125.0,3.610917912644224,2022,2,22,1,0,1,False,315,36.33972602739726,36.33972602739726,Horcajo
34538599,2022-02-23,f,36.0,$36.00,28.0,1125.0,3.610917912644224,2022,2,23,2,0,1,False,316,36.33972602739726,36.33972602739726,Horcajo
34538599,2022-02-24,f,36.0,$36.00,28.0,1125.0,3.610917912644224,2022,2,24,3,0,1,False,317,36.33972602739726,36.33972602739726,Horcajo
34538599,2022-02-25,f,36.0,$36.00,28.0,1125.0,3.610917912644224,2022,2,25,4,0,1,False,318,36.33972602739726,36.33972602739726,Horcajo
34538599,2022-02-26,f,36.0,$36.00,28.0,1125.0,3.610917912644224,2022,2,26,5,1,1,False,319,36.33972602739726,36.33972602739726,Horcajo
34538599,2022-02-27,f,36.0,$36.00,28.0,1125.0,3.610917912644224,2022,2,27,6,1,1,False,320,36.33972602739726,36.33972602739726,Horcajo
34538599,2022-02-28,f,36.0,$36.00,28.0,1125.0,3.610917912644224,2022,2,28,0,0,1,False,321,36.33972602739726,36.33972602739726,Horcajo
34538599,2022-03-01,f,36.0,$36.00,28.0,1125.0,3.610917912644224,2022,3,1,1,0,1,False,322,36.33972602739726,36.33972602739726,Horcajo
34538599,2022-03-02,f,36.0,$36.00,28.0,1125.0,3.610917912644224,2022,3,2,2,0,1,False,323,36.33972602739726,36.33972602739726,Horcajo
34538599,2022-03-03,f,36.0,$36.00,28.0,1125.0,3.610917912644224,2022,3,3,3,0,1,False,324,36.33972602739726,36.33972602739726,Horcajo
34538599,2022-03-04,f,36.0,$36.00,28.0,1125.0,3.610917912644224,2022,3,4,4,0,1,False,325,36.33972602739726,36.33972602739726,Horcajo
34538599,2022-03-05,f,36.0,$36.00,28.0,1125.0,3.610917912644224,2022,3,5,5,1,1,False,326,36.33972602739726,36.33972602739726,Horcajo
34538599,2022-03-06,f,36.0,$36.00,28.0,1125.0,3.610917912644224,2022,3,6,6,1,1,False,327,36.33972602739726,36.33972602739726,Horcajo
34538599,2022-03-07,f,36.0,$36.00,28.0,1125.0,3.610917912644224,2022,3,7,0,0,1,False,328,36.33972602739726,36.33972602739726,Horcajo
34538599,2022-03-08,f,36.0,$36.00,28.0,1125.0,3.610917912644224,2022,3,8,1,0,1,False,329,36.33972602739726,36.33972602739726,Horcajo
34538599,2022-03-09,f,36.0,$36.00,28.0,1125.0,3.610917912644224,2022,3,9,2,0,1,False,330,36.33972602739726,36.33972602739726,Horcajo
34538599,2022-03-10,f,36.0,$36.00,28.0,1125.0,3.610917912644224,2022,3,10,3,0,1,False,331,36.33972602739726,36.33972602739726,Horcajo
34538599,2022-03-11,f,36.0,$36.00,28.0,1125.0,3.610917912644224,2022,3,11,4,0,1,False,332,36.33972602739726,36.33972602739726,Horcajo
34538599,2022-03-12,f,36.0,$36.00,28.0,1125.0,3.610917912644224,2022,3,12,5,1,1,False,333,36.33972602739726,36.33972602739726,Horcajo
34538599,2022-03-13,f,36.0,$36.00,28.0,1125.0,3.610917912644224,2022,3,13,6,1,1,False,334,36.33972602739726,36.33972602739726,Horcajo
34538599,2022-03-14,f,36.0,$36.00,28.0,1125.0,3.610917912644224,2022,3,14,0,0,1,False,335,36.33972602739726,36.33972602739726,Horcajo
34538599,2022-03-15,f,36.0,$36.00,28.0,1125.0,3.610917912644224,2022,3,15,1,0,1,False,336,36.33972602739726,36.33972602739726,Horcajo
34538599,2022-03-16,f,36.0,$36.00,28.0,1125.0,3.610917912644224,2022,3,16,2,0,1,False,337,36.33972602739726,36.33972602739726,Horcajo
34538599,2022-03-17,f,36.0,$36.00,28.0,1125.0,3.610917912644224,2022,3,17,3,0,1,False,338,36.33972602739726,36.33972602739726,Horcajo
34538599,2022-03-18,f,36.0,$36.00,28.0,1125.0,3.610917912644224,2022,3,18,4,0,1,False,339,36.33972602739726,36.33972602739726,Horcajo
34538599,2022-03-19,f,36.0,$36.00,28.0,1125.0,3.610917912644224,2022,3,19,5,1,1,False,340,36.33972602739726,36.33972602739726,Horcajo
34538599,2022-03-20,f,36.0,$36.00,28.0,1125.0,3.610917912644224,2022,3,20,6,1,1,False,341,36.33972602739726,36.33972602739726,Horcajo
34538599,2022-03-21,f,36.0,$36.00,28.0,1125.0,3.610917912644224,2022,3,21,0,0,1,False,342,36.33972602739726,36.33972602739726,Horcajo
34538599,2022-03-22,f,36.0,$36.00,28.0,1125.0,3.610917912644224,2022,3,22,1,0,1,False,343,36.33972602739726,36.33972602739726,Horcajo
34538599,2022-03-23,f,36.0,$36.00,28.0,1125.0,3.610917912644224,2022,3,23,2,0,1,False,344,36.33972602739726,36.33972602739726,Horcajo
34538599,2022-03-24,f,36.0,$36.00,28.0,1125.0,3.610917912644224,2022,3,24,3,0,1,False,345,36.33972602739726,36.33972602739726,Horcajo
34538599,2022-03-25,f,36.0,$36.00,28.0,1125.0,3.610917912644224,2022,3,25,4,0,1,False,346,36.33972602739726,36.33972602739726,Horcajo
34538599,2022-03-26,f,36.0,$36.00,28.0,1125.0,3.610917912644224,2022,3,26,5,1,1,False,347,36.33972602739726,36.33972602739726,Horcajo
34538599,2022-03-27,f,36.0,$36.00,28.0,1125.0,3.610917912644224,2022,3,27,6,1,1,False,348,36.33972602739726,36.33972602739726,Horcajo
34538599,2022-03-28,f,36.0,$36.00,28.0,1125.0,3.610917912644224,2022,3,28,0,0,1,False,349,36.33972602739726,36.33972602739726,Horcajo
34538599,2022-03-29,f,36.0,$36.00,28.0,1125.0,3.610917912644224,2022,3,29,1,0,1,False,350,36.33972602739726,36.33972602739726,Horcajo
34538599,2022-03-30,f,36.0,$36.00,28.0,1125.0,3.610917912644224,2022,3,30,2,0,1,False,351,36.33972602739726,36.33972602739726,Horcajo
34538599,2022-03-31,f,36.0,$36.00,28.0,1125.0,3.610917912644224,2022,3,31,3,0,1,False,352,36.33972602739726,36.33972602739726,Horcajo
34538599,2022-04-01,f,36.0,$36.00,28.0,1125.0,3.610917912644224,2022,4,1,4,0,2,False,353,36.33972602739726,36.33972602739726,Horcajo
34538599,2022-04-02,f,36.0,$36.00,28.0,1125.0,3.610917912644224,2022,4,2,5,1,2,False,354,36.33972602739726,36.33972602739726,Horcajo
34538599,2022-04-03,f,36.0,$36.00,28.0,1125.0,3.610917912644224,2022,4,3,6,1,2,False,355,36.33972602739726,36.33972602739726,Horcajo
34538599,2022-04-04,f,36.0,$36.00,28.0,1125.0,3.610917912644224,2022,4,4,0,0,2,False,356,36.33972602739726,36.33972602739726,Horcajo
34538599,2022-04-05,f,36.0,$36.00,28.0,1125.0,3.610917912644224,2022,4,5,1,0,2,False,357,36.33972602739726,36.33972602739726,Horcajo
34538599,2022-04-06,f,36.0,$36.00,28.0,1125.0,3.610917912644224,2022,4,6,2,0,2,False,358,36.33972602739726,36.33972602739726,Horcajo
34538599,2022-04-07,f,36.0,$36.00,28.0,1125.0,3.610917912644224,2022,4,7,3,0,2,False,359,36.33972602739726,36.33972602739726,Horcajo
34538599,2022-04-08,f,36.0,$36.00,28.0,1125.0,3.610917912644224,2022,4,8,4,0,2,False,360,36.33972602739726,36.33972602739726,Horcajo
34538599,2022-04-09,f,36.0,$36.00,28.0,1125.0,3.610917912644224,2022,4,9,5,1,2,False,361,36.33972602739726,36.33972602739726,Horcajo
34538599,2022-04-10,f,36.0,$36.00,28.0,1125.0,3.610917912644224,2022,4,10,6,1,2,False,362,36.33972602739726,36.33972602739726,Horcajo
34538599,2022-04-11,f,36.0,$36.00,28.0,1125.0,3.610917912644224,2022,4,11,0,0,2,False,363,36.33972602739726,36.33972602739726,Horcajo
34538599,2022-04-12,f,36.0,$36.00,28.0,1125.0,3.610917912644224,2022,4,12,1,0,2,False,364,36.33972602739726,36.33972602739726,Horcajo
34538599,2022-04-13,f,36.0,$36.00,28.0,1125.0,3.610917912644224,2022,4,13,2,0,2,False,365,36.33972602739726,36.33972602739726,Horcajo
41956568,2021-04-15,t,50.0,$50.00,1.0,1125.0,3.9318256327243257,2021,4,15,3,0,2,False,2,50.0,50.0,Horcajo
41956568,2021-04-16,t,50.0,$50.00,1.0,1125.0,3.9318256327243257,2021,4,16,4,0,2,False,3,50.0,50.0,Horcajo
41956568,2021-04-17,t,50.0,$50.00,1.0,1125.0,3.9318256327243257,2021,4,17,5,1,2,False,4,50.0,50.0,Horcajo
41956568,2021-04-18,t,50.0,$50.00,1.0,1125.0,3.9318256327243257,2021,4,18,6,1,2,False,5,50.0,50.0,Horcajo
41956568,2021-04-19,t,50.0,$50.00,1.0,1125.0,3.9318256327243257,2021,4,19,0,0,2,False,6,50.0,50.0,Horcajo
41956568,2021-04-20,t,50.0,$50.00,1.0,1125.0,3.9318256327243257,2021,4,20,1,0,2,False,7,50.0,50.0,Horcajo
41956568,2021-04-21,t,50.0,$50.00,1.0,1125.0,3.9318256327243257,2021,4,21,2,0,2,False,8,50.0,50.0,Horcajo
41956568,2021-04-22,t,50.0,$50.00,1.0,1125.0,3.9318256327243257,2021,4,22,3,0,2,False,9,50.0,50.0,Horcajo
41956568,2021-04-23,t,50.0,$50.00,1.0,1125.0,3.9318256327243257,2021,4,23,4,0,2,False,10,50.0,50.0,Horcajo
41956568,2021-04-24,t,50.0,$50.00,1.0,1125.0,3.9318256327243257,2021,4,24,5,1,2,False,11,50.0,50.0,Horcajo
41956568,2021-04-25,t,50.0,$50.00,1.0,1125.0,3.9318256327243257,2021,4,25,6,1,2,False,12,50.0,50.0,Horcajo
41956568,2021-04-26,t,50.0,$50.00,1.0,1125.0,3.9318256327243257,2021,4,26,0,0,2,False,13,50.0,50.0,Horcajo
41956568,2021-04-27,t,50.0,$50.00,1.0,1125.0,3.9318256327243257,2021,4,27,1,0,2,False,14,50.0,50.0,Horcajo
41956568,2021-04-28,t,50.0,$50.00,1.0,1125.0,3.9318256327243257,2021,4,28,2,0,2,False,15,50.0,50.0,Horcajo
41956568,2021-04-29,t,50.0,$50.00,1.0,1125.0,3.9318256327243257,2021,4,29,3,0,2,False,16,50.0,50.0,Horcajo
41956568,2021-04-30,t,50.0,$50.00,1.0,1125.0,3.9318256327243257,2021,4,30,4,0,2,False,17,50.0,50.0,Horcajo
41956568,2021-05-01,t,50.0,$50.00,1.0,1125.0,3.9318256327243257,2021,5,1,5,1,2,False,18,50.0,50.0,Horcajo
41956568,2021-05-02,t,50.0,$50.00,1.0,1125.0,3.9318256327243257,2021,5,2,6,1,2,False,19,50.0,50.0,Horcajo
41956568,2021-05-03,t,50.0,$50.00,1.0,1125.0,3.9318256327243257,2021,5,3,0,0,2,False,20,50.0,50.0,Horcajo
41956568,2021-05-04,t,50.0,$50.00,1.0,1125.0,3.9318256327243257,2021,5,4,1,0,2,False,21,50.0,50.0,Horcajo
41956568,2021-05-05,t,50.0,$50.00,1.0,1125.0,3.9318256327243257,2021,5,5,2,0,2,False,22,50.0,50.0,Horcajo
41956568,2021-05-06,t,50.0,$50.00,1.0,1125.0,3.9318256327243257,2021,5,6,3,0,2,False,23,50.0,50.0,Horcajo
41956568,2021-05-07,t,50.0,$50.00,1.0,1125.0,3.9318256327243257,2021,5,7,4,0,2,False,24,50.0,50.0,Horcajo
41956568,2021-05-08,t,50.0,$50.00,1.0,1125.0,3.9318256327243257,2021,5,8,5,1,2,False,25,50.0,50.0,Horcajo
41956568,2021-05-09,t,50.0,$50.00,1.0,1125.0,3.9318256327243257,2021,5,9,6,1,2,False,26,50.0,50.0,Horcajo
41956568,2021-05-10,t,50.0,$50.00,1.0,1125.0,3.9318256327243257,2021,5,10,0,0,2,False,27,50.0,50.0,Horcajo
41956568,2021-05-11,t,50.0,$50.00,1.0,1125.0,3.9318256327243257,2021,5,11,1,0,2,False,28,50.0,50.0,Horcajo
41956568,2021-05-12,t,50.0,$50.00,1.0,1125.0,3.9318256327243257,2021,5,12,2,0,2,False,29,50.0,50.0,Horcajo
41956568,2021-05-13,t,50.0,$50.00,1.0,1125.0,3.9318256327243257,2021,5,13,3,0,2,False,30,50.0,50.0,Horcajo
41956568,2021-05-14,t,50.0,$50.00,1.0,1125.0,3.9318256327243257,2021,5,14,4,0,2,False,31,50.0,50.0,Horcajo
41956568,2021-05-15,t,50.0,$50.00,1.0,1125.0,3.9318256327243257,2021,5,15,5,1,2,False,32,50.0,50.0,Horcajo
41956568,2021-05-16,t,50.0,$50.00,1.0,1125.0,3.9318256327243257,2021,5,16,6,1,2,False,33,50.0,50.0,Horcajo
41956568,2021-05-17,t,50.0,$50.00,1.0,1125.0,3.9318256327243257,2021,5,17,0,0,2,False,34,50.0,50.0,Horcajo
41956568,2021-05-18,t,50.0,$50.00,1.0,1125.0,3.9318256327243257,2021,5,18,1,0,2,False,35,50.0,50.0,Horcajo
41956568,2021-05-19,t,50.0,$50.00,1.0,1125.0,3.9318256327243257,2021,5,19,2,0,2,False,36,50.0,50.0,Horcajo
41956568,2021-05-20,t,50.0,$50.00,1.0,1125.0,3.9318256327243257,2021,5,20,3,0,2,False,37,50.0,50.0,Horcajo
41956568,2021-05-21,t,50.0,$50.00,1.0,1125.0,3.9318256327243257,2021,5,21,4,0,2,False,38,50.0,50.0,Horcajo
41956568,2021-05-22,t,50.0,$50.00,1.0,1125.0,3.9318256327243257,2021,5,22,5,1,2,False,39,50.0,50.0,Horcajo
41956568,2021-05-23,t,50.0,$50.00,1.0,1125.0,3.9318256327243257,2021,5,23,6,1,2,False,40,50.0,50.0,Horcajo
41956568,2021-05-24,t,50.0,$50.00,1.0,1125.0,3.9318256327243257,2021,5,24,0,0,2,False,41,50.0,50.0,Horcajo
41956568,2021-05-25,t,50.0,$50.00,1.0,1125.0,3.9318256327243257,2021,5,25,1,0,2,False,42,50.0,50.0,Horcajo
41956568,2021-05-26,t,50.0,$50.00,1.0,1125.0,3.9318256327243257,2021,5,26,2,0,2,False,43,50.0,50.0,Horcajo
41956568,2021-05-27,t,50.0,$50.00,1.0,1125.0,3.9318256327243257,2021,5,27,3,0,2,False,44,50.0,50.0,Horcajo
41956568,2021-05-28,t,50.0,$50.00,1.0,1125.0,3.9318256327243257,2021,5,28,4,0,2,False,45,50.0,50.0,Horcajo
41956568,2021-05-29,t,50.0,$50.00,1.0,1125.0,3.9318256327243257,2021,5,29,5,1,2,False,46,50.0,50.0,Horcajo
41956568,2021-05-30,t,50.0,$50.00,1.0,1125.0,3.9318256327243257,2021,5,30,6,1,2,False,47,50.0,50.0,Horcajo
41956568,2021-05-31,t,50.0,$50.00,1.0,1125.0,3.9318256327243257,2021,5,31,0,0,2,False,48,50.0,50.0,Horcajo
41956568,2021-06-01,t,50.0,$50.00,1.0,1125.0,3.9318256327243257,2021,6,1,1,0,2,False,49,50.0,50.0,Horcajo
41956568,2021-06-02,t,50.0,$50.00,1.0,1125.0,3.9318256327243257,2021,6,2,2,0,2,False,50,50.0,50.0,Horcajo
41956568,2021-06-03,t,50.0,$50.00,1.0,1125.0,3.9318256327243257,2021,6,3,3,0,2,False,51,50.0,50.0,Horcajo
41956568,2021-06-04,t,50.0,$50.00,1.0,1125.0,3.9318256327243257,2021,6,4,4,0,2,False,52,50.0,50.0,Horcajo
41956568,2021-06-05,t,50.0,$50.00,1.0,1125.0,3.9318256327243257,2021,6,5,5,1,2,False,53,50.0,50.0,Horcajo
41956568,2021-06-06,t,50.0,$50.00,1.0,1125.0,3.9318256327243257,2021,6,6,6,1,2,False,54,50.0,50.0,Horcajo
41956568,2021-06-07,t,50.0,$50.00,1.0,1125.0,3.9318256327243257,2021,6,7,0,0,2,False,55,50.0,50.0,Horcajo
41956568,2021-06-08,t,50.0,$50.00,1.0,1125.0,3.9318256327243257,2021,6,8,1,0,2,False,56,50.0,50.0,Horcajo
41956568,2021-06-09,t,50.0,$50.00,1.0,1125.0,3.9318256327243257,2021,6,9,2,0,2,False,57,50.0,50.0,Horcajo
41956568,2021-06-10,t,50.0,$50.00,1.0,1125.0,3.9318256327243257,2021,6,10,3,0,2,False,58,50.0,50.0,Horcajo
41956568,2021-06-11,t,50.0,$50.00,1.0,1125.0,3.9318256327243257,2021,6,11,4,0,2,False,59,50.0,50.0,Horcajo
41956568,2021-06-12,t,50.0,$50.00,1.0,1125.0,3.9318256327243257,2021,6,12,5,1,2,False,60,50.0,50.0,Horcajo
41956568,2021-06-13,t,50.0,$50.00,1.0,1125.0,3.9318256327243257,2021,6,13,6,1,2,False,61,50.0,50.0,Horcajo
41956568,2021-06-14,t,50.0,$50.00,1.0,1125.0,3.9318256327243257,2021,6,14,0,0,2,False,62,50.0,50.0,Horcajo
41956568,2021-06-15,t,50.0,$50.00,1.0,1125.0,3.9318256327243257,2021,6,15,1,0,2,False,63,50.0,50.0,Horcajo
41956568,2021-06-16,t,50.0,$50.00,1.0,1125.0,3.9318256327243257,2021,6,16,2,0,2,False,64,50.0,50.0,Horcajo
41956568,2021-06-17,t,50.0,$50.00,1.0,1125.0,3.9318256327243257,2021,6,17,3,0,2,False,65,50.0,50.0,Horcajo
41956568,2021-06-18,t,50.0,$50.00,1.0,1125.0,3.9318256327243257,2021,6,18,4,0,2,False,66,50.0,50.0,Horcajo
41956568,2021-06-19,t,50.0,$50.00,1.0,1125.0,3.9318256327243257,2021,6,19,5,1,2,False,67,50.0,50.0,Horcajo
41956568,2021-06-20,t,50.0,$50.00,1.0,1125.0,3.9318256327243257,2021,6,20,6,1,2,False,68,50.0,50.0,Horcajo
41956568,2021-06-21,t,50.0,$50.00,1.0,1125.0,3.9318256327243257,2021,6,21,0,0,2,False,69,50.0,50.0,Horcajo
41956568,2021-06-22,t,50.0,$50.00,1.0,1125.0,3.9318256327243257,2021,6,22,1,0,2,False,70,50.0,50.0,Horcajo
41956568,2021-06-23,t,50.0,$50.00,1.0,1125.0,3.9318256327243257,2021,6,23,2,0,2,False,71,50.0,50.0,Horcajo
41956568,2021-06-24,t,50.0,$50.00,1.0,1125.0,3.9318256327243257,2021,6,24,3,0,2,False,72,50.0,50.0,Horcajo
41956568,2021-06-25,t,50.0,$50.00,1.0,1125.0,3.9318256327243257,2021,6,25,4,0,2,False,73,50.0,50.0,Horcajo
41956568,2021-06-26,t,50.0,$50.00,1.0,1125.0,3.9318256327243257,2021,6,26,5,1,2,False,74,50.0,50.0,Horcajo
41956568,2021-06-27,t,50.0,$50.00,1.0,1125.0,3.9318256327243257,2021,6,27,6,1,2,False,75,50.0,50.0,Horcajo
41956568,2021-06-28,t,50.0,$50.00,1.0,1125.0,3.9318256327243257,2021,6,28,0,0,2,False,76,50.0,50.0,Horcajo
41956568,2021-06-29,t,50.0,$50.00,1.0,1125.0,3.9318256327243257,2021,6,29,1,0,2,False,77,50.0,50.0,Horcajo
41956568,2021-06-30,t,50.0,$50.00,1.0,1125.0,3.9318256327243257,2021,6,30,2,0,2,False,78,50.0,50.0,Horcajo
41956568,2021-07-01,t,50.0,$50.00,1.0,1125.0,3.9318256327243257,2021,7,1,3,0,3,False,79,50.0,50.0,Horcajo
41956568,2021-07-02,t,50.0,$50.00,1.0,1125.0,3.9318256327243257,2021,7,2,4,0,3,False,80,50.0,50.0,Horcajo
41956568,2021-07-03,t,50.0,$50.00,1.0,1125.0,3.9318256327243257,2021,7,3,5,1,3,False,81,50.0,50.0,Horcajo
41956568,2021-07-04,t,50.0,$50.00,1.0,1125.0,3.9318256327243257,2021,7,4,6,1,3,False,82,50.0,50.0,Horcajo
41956568,2021-07-05,t,50.0,$50.00,1.0,1125.0,3.9318256327243257,2021,7,5,0,0,3,False,83,50.0,50.0,Horcajo
41956568,2021-07-06,t,50.0,$50.00,1.0,1125.0,3.9318256327243257,2021,7,6,1,0,3,False,84,50.0,50.0,Horcajo
41956568,2021-07-07,t,50.0,$50.00,1.0,1125.0,3.9318256327243257,2021,7,7,2,0,3,False,85,50.0,50.0,Horcajo
41956568,2021-07-08,t,50.0,$50.00,1.0,1125.0,3.9318256327243257,2021,7,8,3,0,3,False,86,50.0,50.0,Horcajo
41956568,2021-07-09,t,50.0,$50.00,1.0,1125.0,3.9318256327243257,2021,7,9,4,0,3,False,87,50.0,50.0,Horcajo
41956568,2021-07-10,t,50.0,$50.00,1.0,1125.0,3.9318256327243257,2021,7,10,5,1,3,False,88,50.0,50.0,Horcajo
41956568,2021-07-11,t,50.0,$50.00,1.0,1125.0,3.9318256327243257,2021,7,11,6,1,3,False,89,50.0,50.0,Horcajo
41956568,2021-07-12,t,50.0,$50.00,1.0,1125.0,3.9318256327243257,2021,7,12,0,0,3,False,90,50.0,50.0,Horcajo
41956568,2021-07-13,t,50.0,$50.00,1.0,1125.0,3.9318256327243257,2021,7,13,1,0,3,False,91,50.0,50.0,Horcajo
41956568,2021-07-14,t,50.0,$50.00,1.0,1125.0,3.9318256327243257,2021,7,14,2,0,3,False,92,50.0,50.0,Horcajo
41956568,2021-07-15,t,50.0,$50.00,1.0,1125.0,3.9318256327243257,2021,7,15,3,0,3,False,93,50.0,50.0,Horcajo
41956568,2021-07-16,t,50.0,$50.00,1.0,1125.0,3.9318256327243257,2021,7,16,4,0,3,False,94,50.0,50.0,Horcajo
41956568,2021-07-17,t,50.0,$50.00,1.0,1125.0,3.9318256327243257,2021,7,17,5,1,3,False,95,50.0,50.0,Horcajo
41956568,2021-07-18,t,50.0,$50.00,1.0,1125.0,3.9318256327243257,2021,7,18,6,1,3,False,96,50.0,50.0,Horcajo
41956568,2021-07-19,t,50.0,$50.00,1.0,1125.0,3.9318256327243257,2021,7,19,0,0,3,False,97,50.0,50.0,Horcajo
41956568,2021-07-20,t,50.0,$50.00,1.0,1125.0,3.9318256327243257,2021,7,20,1,0,3,False,98,50.0,50.0,Horcajo
41956568,2021-07-21,t,50.0,$50.00,1.0,1125.0,3.9318256327243257,2021,7,21,2,0,3,False,99,50.0,50.0,Horcajo
41956568,2021-07-22,t,50.0,$50.00,1.0,1125.0,3.9318256327243257,2021,7,22,3,0,3,False,100,50.0,50.0,Horcajo
41956568,2021-07-23,t,50.0,$50.00,1.0,1125.0,3.9318256327243257,2021,7,23,4,0,3,False,101,50.0,50.0,Horcajo
41956568,2021-07-24,t,50.0,$50.00,1.0,1125.0,3.9318256327243257,2021,7,24,5,1,3,False,102,50.0,50.0,Horcajo
41956568,2021-07-25,t,50.0,$50.00,1.0,1125.0,3.9318256327243257,2021,7,25,6,1,3,False,103,50.0,50.0,Horcajo
41956568,2021-07-26,t,50.0,$50.00,1.0,1125.0,3.9318256327243257,2021,7,26,0,0,3,False,104,50.0,50.0,Horcajo
41956568,2021-07-27,t,50.0,$50.00,1.0,1125.0,3.9318256327243257,2021,7,27,1,0,3,False,105,50.0,50.0,Horcajo
41956568,2021-07-28,t,50.0,$50.00,1.0,1125.0,3.9318256327243257,2021,7,28,2,0,3,False,106,50.0,50.0,Horcajo
41956568,2021-07-29,t,50.0,$50.00,1.0,1125.0,3.9318256327243257,2021,7,29,3,0,3,False,107,50.0,50.0,Horcajo
41956568,2021-07-30,t,50.0,$50.00,1.0,1125.0,3.9318256327243257,2021,7,30,4,0,3,False,108,50.0,50.0,Horcajo
41956568,2021-07-31,t,50.0,$50.00,1.0,1125.0,3.9318256327243257,2021,7,31,5,1,3,False,109,50.0,50.0,Horcajo
41956568,2021-08-01,t,50.0,$50.00,1.0,1125.0,3.9318256327243257,2021,8,1,6,1,3,False,110,50.0,50.0,Horcajo
41956568,2021-08-02,t,50.0,$50.00,1.0,1125.0,3.9318256327243257,2021,8,2,0,0,3,False,111,50.0,50.0,Horcajo
41956568,2021-08-03,t,50.0,$50.00,1.0,1125.0,3.9318256327243257,2021,8,3,1,0,3,False,112,50.0,50.0,Horcajo
41956568,2021-08-04,t,50.0,$50.00,1.0,1125.0,3.9318256327243257,2021,8,4,2,0,3,False,113,50.0,50.0,Horcajo
41956568,2021-08-05,t,50.0,$50.00,1.0,1125.0,3.9318256327243257,2021,8,5,3,0,3,False,114,50.0,50.0,Horcajo
41956568,2021-08-06,t,50.0,$50.00,1.0,1125.0,3.9318256327243257,2021,8,6,4,0,3,False,115,50.0,50.0,Horcajo
41956568,2021-08-07,t,50.0,$50.00,1.0,1125.0,3.9318256327243257,2021,8,7,5,1,3,False,116,50.0,50.0,Horcajo
41956568,2021-08-08,t,50.0,$50.00,1.0,1125.0,3.9318256327243257,2021,8,8,6,1,3,False,117,50.0,50.0,Horcajo
41956568,2021-08-09,t,50.0,$50.00,1.0,1125.0,3.9318256327243257,2021,8,9,0,0,3,False,118,50.0,50.0,Horcajo
41956568,2021-08-10,t,50.0,$50.00,1.0,1125.0,3.9318256327243257,2021,8,10,1,0,3,False,119,50.0,50.0,Horcajo
41956568,2021-08-11,t,50.0,$50.00,1.0,1125.0,3.9318256327243257,2021,8,11,2,0,3,False,120,50.0,50.0,Horcajo
41956568,2021-08-12,t,50.0,$50.00,1.0,1125.0,3.9318256327243257,2021,8,12,3,0,3,False,121,50.0,50.0,Horcajo
41956568,2021-08-13,t,50.0,$50.00,1.0,1125.0,3.9318256327243257,2021,8,13,4,0,3,False,122,50.0,50.0,Horcajo
41956568,2021-08-14,t,50.0,$50.00,1.0,1125.0,3.9318256327243257,2021,8,14,5,1,3,False,123,50.0,50.0,Horcajo
41956568,2021-08-15,t,50.0,$50.00,1.0,1125.0,3.9318256327243257,2021,8,15,6,1,3,False,124,50.0,50.0,Horcajo
41956568,2021-08-16,t,50.0,$50.00,1.0,1125.0,3.9318256327243257,2021,8,16,0,0,3,False,125,50.0,50.0,Horcajo
41956568,2021-08-17,t,50.0,$50.00,1.0,1125.0,3.9318256327243257,2021,8,17,1,0,3,False,126,50.0,50.0,Horcajo
41956568,2021-08-18,t,50.0,$50.00,1.0,1125.0,3.9318256327243257,2021,8,18,2,0,3,False,127,50.0,50.0,Horcajo
41956568,2021-08-19,t,50.0,$50.00,1.0,1125.0,3.9318256327243257,2021,8,19,3,0,3,False,128,50.0,50.0,Horcajo
41956568,2021-08-20,t,50.0,$50.00,1.0,1125.0,3.9318256327243257,2021,8,20,4,0,3,False,129,50.0,50.0,Horcajo
41956568,2021-08-21,t,50.0,$50.00,1.0,1125.0,3.9318256327243257,2021,8,21,5,1,3,False,130,50.0,50.0,Horcajo
41956568,2021-08-22,t,50.0,$50.00,1.0,1125.0,3.9318256327243257,2021,8,22,6,1,3,False,131,50.0,50.0,Horcajo
41956568,2021-08-23,t,50.0,$50.00,1.0,1125.0,3.9318256327243257,2021,8,23,0,0,3,False,132,50.0,50.0,Horcajo
41956568,2021-08-24,t,50.0,$50.00,1.0,1125.0,3.9318256327243257,2021,8,24,1,0,3,False,133,50.0,50.0,Horcajo
41956568,2021-08-25,t,50.0,$50.00,1.0,1125.0,3.9318256327243257,2021,8,25,2,0,3,False,134,50.0,50.0,Horcajo
41956568,2021-08-26,t,50.0,$50.00,1.0,1125.0,3.9318256327243257,2021,8,26,3,0,3,False,135,50.0,50.0,Horcajo
41956568,2021-08-27,t,50.0,$50.00,1.0,1125.0,3.9318256327243257,2021,8,27,4,0,3,False,136,50.0,50.0,Horcajo
41956568,2021-08-28,t,50.0,$50.00,1.0,1125.0,3.9318256327243257,2021,8,28,5,1,3,False,137,50.0,50.0,Horcajo
41956568,2021-08-29,t,50.0,$50.00,1.0,1125.0,3.9318256327243257,2021,8,29,6,1,3,False,138,50.0,50.0,Horcajo
41956568,2021-08-30,t,50.0,$50.00,1.0,1125.0,3.9318256327243257,2021,8,30,0,0,3,False,139,50.0,50.0,Horcajo
41956568,2021-08-31,t,50.0,$50.00,1.0,1125.0,3.9318256327243257,2021,8,31,1,0,3,False,140,50.0,50.0,Horcajo
41956568,2021-09-01,t,50.0,$50.00,1.0,1125.0,3.9318256327243257,2021,9,1,2,0,3,False,141,50.0,50.0,Horcajo
41956568,2021-09-02,t,50.0,$50.00,1.0,1125.0,3.9318256327243257,2021,9,2,3,0,3,False,142,50.0,50.0,Horcajo
41956568,2021-09-03,t,50.0,$50.00,1.0,1125.0,3.9318256327243257,2021,9,3,4,0,3,False,143,50.0,50.0,Horcajo
41956568,2021-09-04,t,50.0,$50.00,1.0,1125.0,3.9318256327243257,2021,9,4,5,1,3,False,144,50.0,50.0,Horcajo
41956568,2021-09-05,t,50.0,$50.00,1.0,1125.0,3.9318256327243257,2021,9,5,6,1,3,False,145,50.0,50.0,Horcajo
41956568,2021-09-06,t,50.0,$50.00,1.0,1125.0,3.9318256327243257,2021,9,6,0,0,3,False,146,50.0,50.0,Horcajo
41956568,2021-09-07,t,50.0,$50.00,1.0,1125.0,3.9318256327243257,2021,9,7,1,0,3,False,147,50.0,50.0,Horcajo
41956568,2021-09-08,t,50.0,$50.00,1.0,1125.0,3.9318256327243257,2021,9,8,2,0,3,False,148,50.0,50.0,Horcajo
41956568,2021-09-09,t,50.0,$50.00,1.0,1125.0,3.9318256327243257,2021,9,9,3,0,3,False,149,50.0,50.0,Horcajo
41956568,2021-09-10,t,50.0,$50.00,1.0,1125.0,3.9318256327243257,2021,9,10,4,0,3,False,150,50.0,50.0,Horcajo
41956568,2021-09-11,t,50.0,$50.00,1.0,1125.0,3.9318256327243257,2021,9,11,5,1,3,False,151,50.0,50.0,Horcajo
41956568,2021-09-12,t,50.0,$50.00,1.0,1125.0,3.9318256327243257,2021,9,12,6,1,3,False,152,50.0,50.0,Horcajo
41956568,2021-09-13,t,50.0,$50.00,1.0,1125.0,3.9318256327243257,2021,9,13,0,0,3,False,153,50.0,50.0,Horcajo
41956568,2021-09-14,t,50.0,$50.00,1.0,1125.0,3.9318256327243257,2021,9,14,1,0,3,False,154,50.0,50.0,Horcajo
41956568,2021-09-15,t,50.0,$50.00,1.0,1125.0,3.9318256327243257,2021,9,15,2,0,3,False,155,50.0,50.0,Horcajo
41956568,2021-09-16,t,50.0,$50.00,1.0,1125.0,3.9318256327243257,2021,9,16,3,0,3,False,156,50.0,50.0,Horcajo
41956568,2021-09-17,t,50.0,$50.00,1.0,1125.0,3.9318256327243257,2021,9,17,4,0,3,False,157,50.0,50.0,Horcajo
41956568,2021-09-18,t,50.0,$50.00,1.0,1125.0,3.9318256327243257,2021,9,18,5,1,3,False,158,50.0,50.0,Horcajo
41956568,2021-09-19,t,50.0,$50.00,1.0,1125.0,3.9318256327243257,2021,9,19,6,1,3,False,159,50.0,50.0,Horcajo
41956568,2021-09-20,t,50.0,$50.00,1.0,1125.0,3.9318256327243257,2021,9,20,0,0,3,False,160,50.0,50.0,Horcajo
41956568,2021-09-21,t,50.0,$50.00,1.0,1125.0,3.9318256327243257,2021,9,21,1,0,3,False,161,50.0,50.0,Horcajo
41956568,2021-09-22,t,50.0,$50.00,1.0,1125.0,3.9318256327243257,2021,9,22,2,0,3,False,162,50.0,50.0,Horcajo
41956568,2021-09-23,t,50.0,$50.00,1.0,1125.0,3.9318256327243257,2021,9,23,3,0,3,False,163,50.0,50.0,Horcajo
41956568,2021-09-24,t,50.0,$50.00,1.0,1125.0,3.9318256327243257,2021,9,24,4,0,3,False,164,50.0,50.0,Horcajo
41956568,2021-09-25,t,50.0,$50.00,1.0,1125.0,3.9318256327243257,2021,9,25,5,1,3,False,165,50.0,50.0,Horcajo
41956568,2021-09-26,t,50.0,$50.00,1.0,1125.0,3.9318256327243257,2021,9,26,6,1,3,False,166,50.0,50.0,Horcajo
41956568,2021-09-27,t,50.0,$50.00,1.0,1125.0,3.9318256327243257,2021,9,27,0,0,3,False,167,50.0,50.0,Horcajo
41956568,2021-09-28,t,50.0,$50.00,1.0,1125.0,3.9318256327243257,2021,9,28,1,0,3,False,168,50.0,50.0,Horcajo
41956568,2021-09-29,t,50.0,$50.00,1.0,1125.0,3.9318256327243257,2021,9,29,2,0,3,False,169,50.0,50.0,Horcajo
41956568,2021-09-30,t,50.0,$50.00,1.0,1125.0,3.9318256327243257,2021,9,30,3,0,3,False,170,50.0,50.0,Horcajo
41956568,2021-10-01,t,50.0,$50.00,1.0,1125.0,3.9318256327243257,2021,10,1,4,0,4,False,171,50.0,50.0,Horcajo
41956568,2021-10-02,t,50.0,$50.00,1.0,1125.0,3.9318256327243257,2021,10,2,5,1,4,False,172,50.0,50.0,Horcajo
41956568,2021-10-03,t,50.0,$50.00,1.0,1125.0,3.9318256327243257,2021,10,3,6,1,4,False,173,50.0,50.0,Horcajo
41956568,2021-10-04,t,50.0,$50.00,1.0,1125.0,3.9318256327243257,2021,10,4,0,0,4,False,174,50.0,50.0,Horcajo
41956568,2021-10-05,t,50.0,$50.00,1.0,1125.0,3.9318256327243257,2021,10,5,1,0,4,False,175,50.0,50.0,Horcajo
41956568,2021-10-06,t,50.0,$50.00,1.0,1125.0,3.9318256327243257,2021,10,6,2,0,4,False,176,50.0,50.0,Horcajo
41956568,2021-10-07,t,50.0,$50.00,1.0,1125.0,3.9318256327243257,2021,10,7,3,0,4,False,177,50.0,50.0,Horcajo
41956568,2021-10-08,t,50.0,$50.00,1.0,1125.0,3.9318256327243257,2021,10,8,4,0,4,False,178,50.0,50.0,Horcajo
41956568,2021-10-09,t,50.0,$50.00,1.0,1125.0,3.9318256327243257,2021,10,9,5,1,4,False,179,50.0,50.0,Horcajo
41956568,2021-10-10,t,50.0,$50.00,1.0,1125.0,3.9318256327243257,2021,10,10,6,1,4,False,180,50.0,50.0,Horcajo
41956568,2021-10-11,t,50.0,$50.00,1.0,1125.0,3.9318256327243257,2021,10,11,0,0,4,False,181,50.0,50.0,Horcajo
41956568,2021-10-12,t,50.0,$50.00,1.0,1125.0,3.9318256327243257,2021,10,12,1,0,4,False,182,50.0,50.0,Horcajo
41956568,2021-10-13,t,50.0,$50.00,1.0,1125.0,3.9318256327243257,2021,10,13,2,0,4,False,183,50.0,50.0,Horcajo
41956568,2021-10-14,t,50.0,$50.00,1.0,1125.0,3.9318256327243257,2021,10,14,3,0,4,False,184,50.0,50.0,Horcajo
41956568,2021-10-15,t,50.0,$50.00,1.0,1125.0,3.9318256327243257,2021,10,15,4,0,4,False,185,50.0,50.0,Horcajo
41956568,2021-10-16,t,50.0,$50.00,1.0,1125.0,3.9318256327243257,2021,10,16,5,1,4,False,186,50.0,50.0,Horcajo
41956568,2021-10-17,t,50.0,$50.00,1.0,1125.0,3.9318256327243257,2021,10,17,6,1,4,False,187,50.0,50.0,Horcajo
41956568,2021-10-18,t,50.0,$50.00,1.0,1125.0,3.9318256327243257,2021,10,18,0,0,4,False,188,50.0,50.0,Horcajo
41956568,2021-10-19,t,50.0,$50.00,1.0,1125.0,3.9318256327243257,2021,10,19,1,0,4,False,189,50.0,50.0,Horcajo
41956568,2021-10-20,t,50.0,$50.00,1.0,1125.0,3.9318256327243257,2021,10,20,2,0,4,False,190,50.0,50.0,Horcajo
41956568,2021-10-21,t,50.0,$50.00,1.0,1125.0,3.9318256327243257,2021,10,21,3,0,4,False,191,50.0,50.0,Horcajo
41956568,2021-10-22,t,50.0,$50.00,1.0,1125.0,3.9318256327243257,2021,10,22,4,0,4,False,192,50.0,50.0,Horcajo
41956568,2021-10-23,t,50.0,$50.00,1.0,1125.0,3.9318256327243257,2021,10,23,5,1,4,False,193,50.0,50.0,Horcajo
41956568,2021-10-24,t,50.0,$50.00,1.0,1125.0,3.9318256327243257,2021,10,24,6,1,4,False,194,50.0,50.0,Horcajo
41956568,2021-10-25,t,50.0,$50.00,1.0,1125.0,3.9318256327243257,2021,10,25,0,0,4,False,195,50.0,50.0,Horcajo
41956568,2021-10-26,t,50.0,$50.00,1.0,1125.0,3.9318256327243257,2021,10,26,1,0,4,False,196,50.0,50.0,Horcajo
41956568,2021-10-27,t,50.0,$50.00,1.0,1125.0,3.9318256327243257,2021,10,27,2,0,4,False,197,50.0,50.0,Horcajo
41956568,2021-10-28,t,50.0,$50.00,1.0,1125.0,3.9318256327243257,2021,10,28,3,0,4,False,198,50.0,50.0,Horcajo
41956568,2021-10-29,t,50.0,$50.00,1.0,1125.0,3.9318256327243257,2021,10,29,4,0,4,False,199,50.0,50.0,Horcajo
41956568,2021-10-30,t,50.0,$50.00,1.0,1125.0,3.9318256327243257,2021,10,30,5,1,4,False,200,50.0,50.0,Horcajo
41956568,2021-10-31,t,50.0,$50.00,1.0,1125.0,3.9318256327243257,2021,10,31,6,1,4,False,201,50.0,50.0,Horcajo
41956568,2021-11-01,t,50.0,$50.00,1.0,1125.0,3.9318256327243257,2021,11,1,0,0,4,False,202,50.0,50.0,Horcajo
41956568,2021-11-02,t,50.0,$50.00,1.0,1125.0,3.9318256327243257,2021,11,2,1,0,4,False,203,50.0,50.0,Horcajo
41956568,2021-11-03,t,50.0,$50.00,1.0,1125.0,3.9318256327243257,2021,11,3,2,0,4,False,204,50.0,50.0,Horcajo
41956568,2021-11-04,t,50.0,$50.00,1.0,1125.0,3.9318256327243257,2021,11,4,3,0,4,False,205,50.0,50.0,Horcajo
41956568,2021-11-05,t,50.0,$50.00,1.0,1125.0,3.9318256327243257,2021,11,5,4,0,4,False,206,50.0,50.0,Horcajo
41956568,2021-11-06,t,50.0,$50.00,1.0,1125.0,3.9318256327243257,2021,11,6,5,1,4,False,207,50.0,50.0,Horcajo
41956568,2021-11-07,t,50.0,$50.00,1.0,1125.0,3.9318256327243257,2021,11,7,6,1,4,False,208,50.0,50.0,Horcajo
41956568,2021-11-08,t,50.0,$50.00,1.0,1125.0,3.9318256327243257,2021,11,8,0,0,4,False,209,50.0,50.0,Horcajo
41956568,2021-11-09,t,50.0,$50.00,1.0,1125.0,3.9318256327243257,2021,11,9,1,0,4,False,210,50.0,50.0,Horcajo
41956568,2021-11-10,t,50.0,$50.00,1.0,1125.0,3.9318256327243257,2021,11,10,2,0,4,False,211,50.0,50.0,Horcajo
41956568,2021-11-11,t,50.0,$50.00,1.0,1125.0,3.9318256327243257,2021,11,11,3,0,4,False,212,50.0,50.0,Horcajo
41956568,2021-11-12,t,50.0,$50.00,1.0,1125.0,3.9318256327243257,2021,11,12,4,0,4,False,213,50.0,50.0,Horcajo
41956568,2021-11-13,t,50.0,$50.00,1.0,1125.0,3.9318256327243257,2021,11,13,5,1,4,False,214,50.0,50.0,Horcajo
41956568,2021-11-14,t,50.0,$50.00,1.0,1125.0,3.9318256327243257,2021,11,14,6,1,4,False,215,50.0,50.0,Horcajo
41956568,2021-11-15,t,50.0,$50.00,1.0,1125.0,3.9318256327243257,2021,11,15,0,0,4,False,216,50.0,50.0,Horcajo
41956568,2021-11-16,t,50.0,$50.00,1.0,1125.0,3.9318256327243257,2021,11,16,1,0,4,False,217,50.0,50.0,Horcajo
41956568,2021-11-17,t,50.0,$50.00,1.0,1125.0,3.9318256327243257,2021,11,17,2,0,4,False,218,50.0,50.0,Horcajo
41956568,2021-11-18,t,50.0,$50.00,1.0,1125.0,3.9318256327243257,2021,11,18,3,0,4,False,219,50.0,50.0,Horcajo
41956568,2021-11-19,t,50.0,$50.00,1.0,1125.0,3.9318256327243257,2021,11,19,4,0,4,False,220,50.0,50.0,Horcajo
41956568,2021-11-20,t,50.0,$50.00,1.0,1125.0,3.9318256327243257,2021,11,20,5,1,4,False,221,50.0,50.0,Horcajo
41956568,2021-11-21,t,50.0,$50.00,1.0,1125.0,3.9318256327243257,2021,11,21,6,1,4,False,222,50.0,50.0,Horcajo
41956568,2021-11-22,t,50.0,$50.00,1.0,1125.0,3.9318256327243257,2021,11,22,0,0,4,False,223,50.0,50.0,Horcajo
41956568,2021-11-23,t,50.0,$50.00,1.0,1125.0,3.9318256327243257,2021,11,23,1,0,4,False,224,50.0,50.0,Horcajo
41956568,2021-11-24,t,50.0,$50.00,1.0,1125.0,3.9318256327243257,2021,11,24,2,0,4,False,225,50.0,50.0,Horcajo
41956568,2021-11-25,t,50.0,$50.00,1.0,1125.0,3.9318256327243257,2021,11,25,3,0,4,False,226,50.0,50.0,Horcajo
41956568,2021-11-26,t,50.0,$50.00,1.0,1125.0,3.9318256327243257,2021,11,26,4,0,4,False,227,50.0,50.0,Horcajo
41956568,2021-11-27,t,50.0,$50.00,1.0,1125.0,3.9318256327243257,2021,11,27,5,1,4,False,228,50.0,50.0,Horcajo
41956568,2021-11-28,t,50.0,$50.00,1.0,1125.0,3.9318256327243257,2021,11,28,6,1,4,False,229,50.0,50.0,Horcajo
41956568,2021-11-29,t,50.0,$50.00,1.0,1125.0,3.9318256327243257,2021,11,29,0,0,4,False,230,50.0,50.0,Horcajo
41956568,2021-11-30,t,50.0,$50.00,1.0,1125.0,3.9318256327243257,2021,11,30,1,0,4,False,231,50.0,50.0,Horcajo
41956568,2021-12-01,t,50.0,$50.00,1.0,1125.0,3.9318256327243257,2021,12,1,2,0,4,False,232,50.0,50.0,Horcajo
41956568,2021-12-02,t,50.0,$50.00,1.0,1125.0,3.9318256327243257,2021,12,2,3,0,4,False,233,50.0,50.0,Horcajo
41956568,2021-12-03,t,50.0,$50.00,1.0,1125.0,3.9318256327243257,2021,12,3,4,0,4,False,234,50.0,50.0,Horcajo
41956568,2021-12-04,t,50.0,$50.00,1.0,1125.0,3.9318256327243257,2021,12,4,5,1,4,False,235,50.0,50.0,Horcajo
41956568,2021-12-05,t,50.0,$50.00,1.0,1125.0,3.9318256327243257,2021,12,5,6,1,4,False,236,50.0,50.0,Horcajo
41956568,2021-12-06,t,50.0,$50.00,1.0,1125.0,3.9318256327243257,2021,12,6,0,0,4,False,237,50.0,50.0,Horcajo
41956568,2021-12-07,t,50.0,$50.00,1.0,1125.0,3.9318256327243257,2021,12,7,1,0,4,False,238,50.0,50.0,Horcajo
41956568,2021-12-08,t,50.0,$50.00,1.0,1125.0,3.9318256327243257,2021,12,8,2,0,4,False,239,50.0,50.0,Horcajo
41956568,2021-12-09,t,50.0,$50.00,1.0,1125.0,3.9318256327243257,2021,12,9,3,0,4,False,240,50.0,50.0,Horcajo
41956568,2021-12-10,t,50.0,$50.00,1.0,1125.0,3.9318256327243257,2021,12,10,4,0,4,False,241,50.0,50.0,Horcajo
41956568,2021-12-11,t,50.0,$50.00,1.0,1125.0,3.9318256327243257,2021,12,11,5,1,4,False,242,50.0,50.0,Horcajo
41956568,2021-12-12,t,50.0,$50.00,1.0,1125.0,3.9318256327243257,2021,12,12,6,1,4,False,243,50.0,50.0,Horcajo
41956568,2021-12-13,t,50.0,$50.00,1.0,1125.0,3.9318256327243257,2021,12,13,0,0,4,False,244,50.0,50.0,Horcajo
41956568,2021-12-14,t,50.0,$50.00,1.0,1125.0,3.9318256327243257,2021,12,14,1,0,4,False,245,50.0,50.0,Horcajo
41956568,2021-12-15,t,50.0,$50.00,1.0,1125.0,3.9318256327243257,2021,12,15,2,0,4,False,246,50.0,50.0,Horcajo
41956568,2021-12-16,t,50.0,$50.00,1.0,1125.0,3.9318256327243257,2021,12,16,3,0,4,False,247,50.0,50.0,Horcajo
41956568,2021-12-17,t,50.0,$50.00,1.0,1125.0,3.9318256327243257,2021,12,17,4,0,4,False,248,50.0,50.0,Horcajo
41956568,2021-12-18,t,50.0,$50.00,1.0,1125.0,3.9318256327243257,2021,12,18,5,1,4,False,249,50.0,50.0,Horcajo
41956568,2021-12-19,t,50.0,$50.00,1.0,1125.0,3.9318256327243257,2021,12,19,6,1,4,False,250,50.0,50.0,Horcajo
41956568,2021-12-20,t,50.0,$50.00,1.0,1125.0,3.9318256327243257,2021,12,20,0,0,4,True,251,50.0,50.0,Horcajo
41956568,2021-12-21,t,50.0,$50.00,1.0,1125.0,3.9318256327243257,2021,12,21,1,0,4,True,252,50.0,50.0,Horcajo
41956568,2021-12-22,t,50.0,$50.00,1.0,1125.0,3.9318256327243257,2021,12,22,2,0,4,True,253,50.0,50.0,Horcajo
41956568,2021-12-23,t,50.0,$50.00,1.0,1125.0,3.9318256327243257,2021,12,23,3,0,4,True,254,50.0,50.0,Horcajo
41956568,2021-12-24,t,50.0,$50.00,1.0,1125.0,3.9318256327243257,2021,12,24,4,0,4,True,255,50.0,50.0,Horcajo
41956568,2021-12-25,t,50.0,$50.00,1.0,1125.0,3.9318256327243257,2021,12,25,5,1,4,True,256,50.0,50.0,Horcajo
41956568,2021-12-26,t,50.0,$50.00,1.0,1125.0,3.9318256327243257,2021,12,26,6,1,4,True,257,50.0,50.0,Horcajo
41956568,2021-12-27,t,50.0,$50.00,1.0,1125.0,3.9318256327243257,2021,12,27,0,0,4,True,258,50.0,50.0,Horcajo
41956568,2021-12-28,t,50.0,$50.00,1.0,1125.0,3.9318256327243257,2021,12,28,1,0,4,True,259,50.0,50.0,Horcajo
41956568,2021-12-29,t,50.0,$50.00,1.0,1125.0,3.9318256327243257,2021,12,29,2,0,4,True,260,50.0,50.0,Horcajo
41956568,2021-12-30,t,50.0,$50.00,1.0,1125.0,3.9318256327243257,2021,12,30,3,0,4,True,261,50.0,50.0,Horcajo
41956568,2021-12-31,t,50.0,$50.00,1.0,1125.0,3.9318256327243257,2021,12,31,4,0,4,True,262,50.0,50.0,Horcajo
41956568,2022-01-01,t,50.0,$50.00,1.0,1125.0,3.9318256327243257,2022,1,1,5,1,1,True,263,50.0,50.0,Horcajo
41956568,2022-01-02,t,50.0,$50.00,1.0,1125.0,3.9318256327243257,2022,1,2,6,1,1,True,264,50.0,50.0,Horcajo
41956568,2022-01-03,t,50.0,$50.00,1.0,1125.0,3.9318256327243257,2022,1,3,0,0,1,True,265,50.0,50.0,Horcajo
41956568,2022-01-04,t,50.0,$50.00,1.0,1125.0,3.9318256327243257,2022,1,4,1,0,1,True,266,50.0,50.0,Horcajo
41956568,2022-01-05,t,50.0,$50.00,1.0,1125.0,3.9318256327243257,2022,1,5,2,0,1,True,267,50.0,50.0,Horcajo
41956568,2022-01-06,t,50.0,$50.00,1.0,1125.0,3.9318256327243257,2022,1,6,3,0,1,False,268,50.0,50.0,Horcajo
41956568,2022-01-07,t,50.0,$50.00,1.0,1125.0,3.9318256327243257,2022,1,7,4,0,1,False,269,50.0,50.0,Horcajo
41956568,2022-01-08,t,50.0,$50.00,1.0,1125.0,3.9318256327243257,2022,1,8,5,1,1,False,270,50.0,50.0,Horcajo
41956568,2022-01-09,t,50.0,$50.00,1.0,1125.0,3.9318256327243257,2022,1,9,6,1,1,False,271,50.0,50.0,Horcajo
41956568,2022-01-10,t,50.0,$50.00,1.0,1125.0,3.9318256327243257,2022,1,10,0,0,1,False,272,50.0,50.0,Horcajo
41956568,2022-01-11,t,50.0,$50.00,1.0,1125.0,3.9318256327243257,2022,1,11,1,0,1,False,273,50.0,50.0,Horcajo
41956568,2022-01-12,t,50.0,$50.00,1.0,1125.0,3.9318256327243257,2022,1,12,2,0,1,False,274,50.0,50.0,Horcajo
41956568,2022-01-13,t,50.0,$50.00,1.0,1125.0,3.9318256327243257,2022,1,13,3,0,1,False,275,50.0,50.0,Horcajo
41956568,2022-01-14,t,50.0,$50.00,1.0,1125.0,3.9318256327243257,2022,1,14,4,0,1,False,276,50.0,50.0,Horcajo
41956568,2022-01-15,t,50.0,$50.00,1.0,1125.0,3.9318256327243257,2022,1,15,5,1,1,False,277,50.0,50.0,Horcajo
41956568,2022-01-16,t,50.0,$50.00,1.0,1125.0,3.9318256327243257,2022,1,16,6,1,1,False,278,50.0,50.0,Horcajo
41956568,2022-01-17,t,50.0,$50.00,1.0,1125.0,3.9318256327243257,2022,1,17,0,0,1,False,279,50.0,50.0,Horcajo
41956568,2022-01-18,t,50.0,$50.00,1.0,1125.0,3.9318256327243257,2022,1,18,1,0,1,False,280,50.0,50.0,Horcajo
41956568,2022-01-19,t,50.0,$50.00,1.0,1125.0,3.9318256327243257,2022,1,19,2,0,1,False,281,50.0,50.0,Horcajo
41956568,2022-01-20,t,50.0,$50.00,1.0,1125.0,3.9318256327243257,2022,1,20,3,0,1,False,282,50.0,50.0,Horcajo
41956568,2022-01-21,t,50.0,$50.00,1.0,1125.0,3.9318256327243257,2022,1,21,4,0,1,False,283,50.0,50.0,Horcajo
41956568,2022-01-22,t,50.0,$50.00,1.0,1125.0,3.9318256327243257,2022,1,22,5,1,1,False,284,50.0,50.0,Horcajo
41956568,2022-01-23,t,50.0,$50.00,1.0,1125.0,3.9318256327243257,2022,1,23,6,1,1,False,285,50.0,50.0,Horcajo
41956568,2022-01-24,t,50.0,$50.00,1.0,1125.0,3.9318256327243257,2022,1,24,0,0,1,False,286,50.0,50.0,Horcajo
41956568,2022-01-25,t,50.0,$50.00,1.0,1125.0,3.9318256327243257,2022,1,25,1,0,1,False,287,50.0,50.0,Horcajo
41956568,2022-01-26,t,50.0,$50.00,1.0,1125.0,3.9318256327243257,2022,1,26,2,0,1,False,288,50.0,50.0,Horcajo
41956568,2022-01-27,t,50.0,$50.00,1.0,1125.0,3.9318256327243257,2022,1,27,3,0,1,False,289,50.0,50.0,Horcajo
41956568,2022-01-28,t,50.0,$50.00,1.0,1125.0,3.9318256327243257,2022,1,28,4,0,1,False,290,50.0,50.0,Horcajo
41956568,2022-01-29,t,50.0,$50.00,1.0,1125.0,3.9318256327243257,2022,1,29,5,1,1,False,291,50.0,50.0,Horcajo
41956568,2022-01-30,t,50.0,$50.00,1.0,1125.0,3.9318256327243257,2022,1,30,6,1,1,False,292,50.0,50.0,Horcajo
41956568,2022-01-31,t,50.0,$50.00,1.0,1125.0,3.9318256327243257,2022,1,31,0,0,1,False,293,50.0,50.0,Horcajo
41956568,2022-02-01,t,50.0,$50.00,1.0,1125.0,3.9318256327243257,2022,2,1,1,0,1,False,294,50.0,50.0,Horcajo
41956568,2022-02-02,t,50.0,$50.00,1.0,1125.0,3.9318256327243257,2022,2,2,2,0,1,False,295,50.0,50.0,Horcajo
41956568,2022-02-03,t,50.0,$50.00,1.0,1125.0,3.9318256327243257,2022,2,3,3,0,1,False,296,50.0,50.0,Horcajo
41956568,2022-02-04,t,50.0,$50.00,1.0,1125.0,3.9318256327243257,2022,2,4,4,0,1,False,297,50.0,50.0,Horcajo
41956568,2022-02-05,t,50.0,$50.00,1.0,1125.0,3.9318256327243257,2022,2,5,5,1,1,False,298,50.0,50.0,Horcajo
41956568,2022-02-06,t,50.0,$50.00,1.0,1125.0,3.9318256327243257,2022,2,6,6,1,1,False,299,50.0,50.0,Horcajo
41956568,2022-02-07,t,50.0,$50.00,1.0,1125.0,3.9318256327243257,2022,2,7,0,0,1,False,300,50.0,50.0,Horcajo
41956568,2022-02-08,t,50.0,$50.00,1.0,1125.0,3.9318256327243257,2022,2,8,1,0,1,False,301,50.0,50.0,Horcajo
41956568,2022-02-09,t,50.0,$50.00,1.0,1125.0,3.9318256327243257,2022,2,9,2,0,1,False,302,50.0,50.0,Horcajo
41956568,2022-02-10,t,50.0,$50.00,1.0,1125.0,3.9318256327243257,2022,2,10,3,0,1,False,303,50.0,50.0,Horcajo
41956568,2022-02-11,t,50.0,$50.00,1.0,1125.0,3.9318256327243257,2022,2,11,4,0,1,False,304,50.0,50.0,Horcajo
41956568,2022-02-12,t,50.0,$50.00,1.0,1125.0,3.9318256327243257,2022,2,12,5,1,1,False,305,50.0,50.0,Horcajo
41956568,2022-02-13,t,50.0,$50.00,1.0,1125.0,3.9318256327243257,2022,2,13,6,1,1,False,306,50.0,50.0,Horcajo
41956568,2022-02-14,t,50.0,$50.00,1.0,1125.0,3.9318256327243257,2022,2,14,0,0,1,False,307,50.0,50.0,Horcajo
41956568,2022-02-15,t,50.0,$50.00,1.0,1125.0,3.9318256327243257,2022,2,15,1,0,1,False,308,50.0,50.0,Horcajo
41956568,2022-02-16,t,50.0,$50.00,1.0,1125.0,3.9318256327243257,2022,2,16,2,0,1,False,309,50.0,50.0,Horcajo
41956568,2022-02-17,t,50.0,$50.00,1.0,1125.0,3.9318256327243257,2022,2,17,3,0,1,False,310,50.0,50.0,Horcajo
41956568,2022-02-18,t,50.0,$50.00,1.0,1125.0,3.9318256327243257,2022,2,18,4,0,1,False,311,50.0,50.0,Horcajo
41956568,2022-02-19,t,50.0,$50.00,1.0,1125.0,3.9318256327243257,2022,2,19,5,1,1,False,312,50.0,50.0,Horcajo
41956568,2022-02-20,t,50.0,$50.00,1.0,1125.0,3.9318256327243257,2022,2,20,6,1,1,False,313,50.0,50.0,Horcajo
41956568,2022-02-21,t,50.0,$50.00,1.0,1125.0,3.9318256327243257,2022,2,21,0,0,1,False,314,50.0,50.0,Horcajo
41956568,2022-02-22,t,50.0,$50.00,1.0,1125.0,3.9318256327243257,2022,2,22,1,0,1,False,315,50.0,50.0,Horcajo
41956568,2022-02-23,t,50.0,$50.00,1.0,1125.0,3.9318256327243257,2022,2,23,2,0,1,False,316,50.0,50.0,Horcajo
41956568,2022-02-24,t,50.0,$50.00,1.0,1125.0,3.9318256327243257,2022,2,24,3,0,1,False,317,50.0,50.0,Horcajo
41956568,2022-02-25,t,50.0,$50.00,1.0,1125.0,3.9318256327243257,2022,2,25,4,0,1,False,318,50.0,50.0,Horcajo
41956568,2022-02-26,t,50.0,$50.00,1.0,1125.0,3.9318256327243257,2022,2,26,5,1,1,False,319,50.0,50.0,Horcajo
41956568,2022-02-27,t,50.0,$50.00,1.0,1125.0,3.9318256327243257,2022,2,27,6,1,1,False,320,50.0,50.0,Horcajo
41956568,2022-02-28,t,50.0,$50.00,1.0,1125.0,3.9318256327243257,2022,2,28,0,0,1,False,321,50.0,50.0,Horcajo
41956568,2022-03-01,t,50.0,$50.00,1.0,1125.0,3.9318256327243257,2022,3,1,1,0,1,False,322,50.0,50.0,Horcajo
41956568,2022-03-02,t,50.0,$50.00,1.0,1125.0,3.9318256327243257,2022,3,2,2,0,1,False,323,50.0,50.0,Horcajo
41956568,2022-03-03,t,50.0,$50.00,1.0,1125.0,3.9318256327243257,2022,3,3,3,0,1,False,324,50.0,50.0,Horcajo
41956568,2022-03-04,t,50.0,$50.00,1.0,1125.0,3.9318256327243257,2022,3,4,4,0,1,False,325,50.0,50.0,Horcajo
41956568,2022-03-05,t,50.0,$50.00,1.0,1125.0,3.9318256327243257,2022,3,5,5,1,1,False,326,50.0,50.0,Horcajo
41956568,2022-03-06,t,50.0,$50.00,1.0,1125.0,3.9318256327243257,2022,3,6,6,1,1,False,327,50.0,50.0,Horcajo
41956568,2022-03-07,t,50.0,$50.00,1.0,1125.0,3.9318256327243257,2022,3,7,0,0,1,False,328,50.0,50.0,Horcajo
41956568,2022-03-08,t,50.0,$50.00,1.0,1125.0,3.9318256327243257,2022,3,8,1,0,1,False,329,50.0,50.0,Horcajo
41956568,2022-03-09,t,50.0,$50.00,1.0,1125.0,3.9318256327243257,2022,3,9,2,0,1,False,330,50.0,50.0,Horcajo
41956568,2022-03-10,t,50.0,$50.00,1.0,1125.0,3.9318256327243257,2022,3,10,3,0,1,False,331,50.0,50.0,Horcajo
41956568,2022-03-11,t,50.0,$50.00,1.0,1125.0,3.9318256327243257,2022,3,11,4,0,1,False,332,50.0,50.0,Horcajo
41956568,2022-03-12,t,50.0,$50.00,1.0,1125.0,3.9318256327243257,2022,3,12,5,1,1,False,333,50.0,50.0,Horcajo
41956568,2022-03-13,t,50.0,$50.00,1.0,1125.0,3.9318256327243257,2022,3,13,6,1,1,False,334,50.0,50.0,Horcajo
41956568,2022-03-14,t,50.0,$50.00,1.0,1125.0,3.9318256327243257,2022,3,14,0,0,1,False,335,50.0,50.0,Horcajo
41956568,2022-03-15,t,50.0,$50.00,1.0,1125.0,3.9318256327243257,2022,3,15,1,0,1,False,336,50.0,50.0,Horcajo
41956568,2022-03-16,t,50.0,$50.00,1.0,1125.0,3.9318256327243257,2022,3,16,2,0,1,False,337,50.0,50.0,Horcajo
41956568,2022-03-17,t,50.0,$50.00,1.0,1125.0,3.9318256327243257,2022,3,17,3,0,1,False,338,50.0,50.0,Horcajo
41956568,2022-03-18,t,50.0,$50.00,1.0,1125.0,3.9318256327243257,2022,3,18,4,0,1,False,339,50.0,50.0,Horcajo
41956568,2022-03-19,t,50.0,$50.00,1.0,1125.0,3.9318256327243257,2022,3,19,5,1,1,False,340,50.0,50.0,Horcajo
41956568,2022-03-20,t,50.0,$50.00,1.0,1125.0,3.9318256327243257,2022,3,20,6,1,1,False,341,50.0,50.0,Horcajo
41956568,2022-03-21,t,50.0,$50.00,1.0,1125.0,3.9318256327243257,2022,3,21,0,0,1,False,342,50.0,50.0,Horcajo
41956568,2022-03-22,t,50.0,$50.00,1.0,1125.0,3.9318256327243257,2022,3,22,1,0,1,False,343,50.0,50.0,Horcajo
41956568,2022-03-23,t,50.0,$50.00,1.0,1125.0,3.9318256327243257,2022,3,23,2,0,1,False,344,50.0,50.0,Horcajo
41956568,2022-03-24,t,50.0,$50.00,1.0,1125.0,3.9318256327243257,2022,3,24,3,0,1,False,345,50.0,50.0,Horcajo
41956568,2022-03-25,t,50.0,$50.00,1.0,1125.0,3.9318256327243257,2022,3,25,4,0,1,False,346,50.0,50.0,Horcajo
41956568,2022-03-26,t,50.0,$50.00,1.0,1125.0,3.9318256327243257,2022,3,26,5,1,1,False,347,50.0,50.0,Horcajo
41956568,2022-03-27,t,50.0,$50.00,1.0,1125.0,3.9318256327243257,2022,3,27,6,1,1,False,348,50.0,50.0,Horcajo
41956568,2022-03-28,t,50.0,$50.00,1.0,1125.0,3.9318256327243257,2022,3,28,0,0,1,False,349,50.0,50.0,Horcajo
41956568,2022-03-29,t,50.0,$50.00,1.0,1125.0,3.9318256327243257,2022,3,29,1,0,1,False,350,50.0,50.0,Horcajo
41956568,2022-03-30,t,50.0,$50.00,1.0,1125.0,3.9318256327243257,2022,3,30,2,0,1,False,351,50.0,50.0,Horcajo
41956568,2022-03-31,t,50.0,$50.00,1.0,1125.0,3.9318256327243257,2022,3,31,3,0,1,False,352,50.0,50.0,Horcajo
41956568,2022-04-01,t,50.0,$50.00,1.0,1125.0,3.9318256327243257,2022,4,1,4,0,2,False,353,50.0,50.0,Horcajo
41956568,2022-04-02,t,50.0,$50.00,1.0,1125.0,3.9318256327243257,2022,4,2,5,1,2,False,354,50.0,50.0,Horcajo
41956568,2022-04-03,t,50.0,$50.00,1.0,1125.0,3.9318256327243257,2022,4,3,6,1,2,False,355,50.0,50.0,Horcajo
41956568,2022-04-04,t,50.0,$50.00,1.0,1125.0,3.9318256327243257,2022,4,4,0,0,2,False,356,50.0,50.0,Horcajo
41956568,2022-04-05,t,50.0,$50.00,1.0,1125.0,3.9318256327243257,2022,4,5,1,0,2,False,357,50.0,50.0,Horcajo
41956568,2022-04-06,t,50.0,$50.00,1.0,1125.0,3.9318256327243257,2022,4,6,2,0,2,False,358,50.0,50.0,Horcajo
41956568,2022-04-07,t,50.0,$50.00,1.0,1125.0,3.9318256327243257,2022,4,7,3,0,2,False,359,50.0,50.0,Horcajo
41956568,2022-04-08,t,50.0,$50.00,1.0,1125.0,3.9318256327243257,2022,4,8,4,0,2,False,360,50.0,50.0,Horcajo
41956568,2022-04-09,t,50.0,$50.00,1.0,1125.0,3.9318256327243257,2022,4,9,5,1,2,False,361,50.0,50.0,Horcajo
41956568,2022-04-10,t,50.0,$50.00,1.0,1125.0,3.9318256327243257,2022,4,10,6,1,2,False,362,50.0,50.0,Horcajo
41956568,2022-04-11,t,50.0,$50.00,1.0,1125.0,3.9318256327243257,2022,4,11,0,0,2,False,363,50.0,50.0,Horcajo
41956568,2022-04-12,t,50.0,$50.00,1.0,1125.0,3.9318256327243257,2022,4,12,1,0,2,False,364,50.0,50.0,Horcajo
41956568,2022-04-13,t,50.0,$50.00,1.0,1125.0,3.9318256327243257,2022,4,13,2,0,2,False,365,50.0,50.0,Horcajo
41956568,2022-04-14,t,50.0,$50.00,1.0,1125.0,3.9318256327243257,2022,4,14,3,0,2,False,366,50.0,50.0,Horcajo
